study_hours,sleep_hours,social_media_usage,screen_time,diet_quality,mental_health,physical_activity,attendance,stress_level,internet_usage,extra_curricular,time_management,performance_label
4.370861069626263,5.110797573031718,2.0936454698872478,8.399732936297879,2,3,1.3758505624403399,67.812494730189,6,7.716289106316594,0,8.215726751611847,Low
9.556428757689245,7.251405684270149,1.9758303925759986,9.763495369105096,5,1,1.989801731903786,58.8607528439396,9,2.5804012573766566,0,7.734491382289378,High
7.587945476302646,9.23767501525845,7.2500366441682935,3.7551468867174886,5,5,4.657394962983403,84.75599079728838,7,1.5808229546020862,1,8.146545632944795,High
6.387926357773329,8.393349318457368,1.9963695987960488,7.873615095676988,3,5,1.6911548365864242,80.81203246653061,5,6.198952930476973,1,9.720305863468683,High
2.4041677639819286,8.839366887168698,2.175597809029048,7.289205814581235,4,6,4.569381451608981,74.14392670579218,2,4.220319517323486,0,6.1594901987788315,Medium
2.403950683025824,7.952700200264304,6.07518609934371,10.161134144670982,5,8,4.905224311272328,69.51628896307773,1,3.4791211912435323,0,2.982194896625745,Medium
1.5227525095137953,8.153659387107115,3.59791873960432,10.966957665293865,4,10,3.3090536428721236,95.45312714483657,2,8.264898967828756,1,8.75988676677915,High
8.795585311974417,9.095173909391916,6.21368445564145,1.1337244862512548,1,1,4.084451447520841,51.456189249455264,1,4.302939403737526,0,7.684576565086811,Medium
6.41003510568888,5.498008053155115,0.5229292605150819,8.41421910964672,4,4,3.747727821105426,88.45538717536496,3,3.853008727608735,1,4.728774811007558,High
7.372653200164409,6.936549781858843,3.9005695493870745,1.5701937903170191,2,10,3.497671288077619,95.09547858744443,6,8.649888338521095,0,5.262125487171817,High
1.185260448662222,5.327256650917613,0.26890880146626106,7.037445315850915,2,1,1.534655364906163,72.3177289714963,8,8.61658602837814,1,4.701271586309822,Low
9.72918866945795,9.926008047979881,0.5012256276428362,4.16396001948046,5,9,0.2854716895397186,77.53452457353234,3,4.207299739795509,1,9.369479442061037,High
8.491983767203795,9.66435603811968,7.251499626755288,4.374542594743553,4,7,1.715258662598253,97.2231843941019,10,8.492488308873696,0,4.091784503484647,High
2.9110519961044856,4.236560868211035,1.1139629689407613,4.8825435379759226,5,7,3.334679926019533,60.61387576427572,9,8.657006412993944,1,9.671358507905552,Medium
2.636424704863906,8.23345103509413,4.259365458201737,7.834216939545711,3,5,0.5126459911390069,76.00674238923425,10,4.815374815266996,0,9.192445941285548,Low
2.650640588680904,9.551489904493994,3.2887648208056524,4.674549622356461,2,7,0.05958991489121046,73.73605635641064,5,1.5982581718825442,1,6.67469028023356,Medium
3.7381801866358395,5.083452070764001,2.7787466100707414,9.059689556493085,5,2,0.6984618630146933,62.919632393518505,7,1.014261800197061,0,6.218395957900672,Low
5.72280788469014,7.407671383315777,7.19866676549818,5.449801241312566,3,4,3.5786796320539764,90.9296615186554,8,5.709632166000955,0,4.330803520629738,Medium
4.887505167779041,9.49292978552825,0.174587174203916,1.751885203409545,5,7,4.86396850828222,94.98002973816179,3,4.096679440333201,0,1.165045501095849,High
3.6210622617823773,4.203675871514793,5.310317489404713,9.62135826732518,4,3,4.915323498074102,89.09662898941045,2,9.974187047425294,1,2.148608676139779,Low
6.506676052501415,8.18452160348104,7.707155473708403,4.143341570519766,4,2,2.4698957457009394,59.76794804243042,2,7.951698996645558,0,7.788081910145938,Medium
2.2554447458683766,5.784094044235305,4.4813454676947355,5.760435675591889,4,10,4.346761504961737,54.33743177506908,5,7.851479107153713,0,5.243861139293487,Low
3.629301836816963,9.546377172259183,7.494579696264735,8.539882715440918,4,2,3.68413227875752,80.27222426526711,1,9.597184914586093,0,2.348543207691713,Low
4.297256589643226,9.826349470992206,0.41806303428819014,4.657017728635832,1,1,2.505201184923017,52.8547380254942,2,8.989519581039886,1,3.375647687186839,Low
5.104629857953324,9.665598934680602,3.350346552593291,1.6224422176138718,3,5,2.863802664775434,83.64129442790421,9,3.8636873151074984,0,9.530532098622997,High
8.066583652537123,6.845285299944782,2.0812623276964093,5.11313151714095,3,6,0.6861357330843554,76.52121101636213,7,2.4938849944348873,1,4.304195517792386,High
2.7970640394252375,9.17225590593588,5.846567719845838,11.388934409637338,4,6,4.6883073030829605,83.13928663718318,6,7.71303038558934,1,9.169137506972382,High
5.628109945722504,9.067296391210423,7.850376723977973,8.05907837028414,1,9,1.759648853658884,79.5085386824872,9,4.404465043145857,1,3.74172249064219,Medium
6.331731119758382,5.914602839459533,2.0522404995539825,8.386270635339276,4,4,2.2307462822858475,71.13512847635863,7,5.258553864678608,0,5.888980849304448,Medium
1.4180537144799796,8.973492844904065,5.233396811792596,7.955103690014038,1,1,3.3583011549894937,60.04385900701141,5,6.673579581473442,0,1.184293750259781,Low
6.467903667112945,4.222045808292956,1.584781062077921,3.1889135285538046,4,6,1.6695123576327697,65.28510679052442,9,9.170854092417166,1,5.696875993362192,Medium
2.5347171131856236,7.577619270892319,4.522642036572879,5.601672505125081,2,5,1.2712958049446526,76.22502871094882,6,4.7717897830386935,0,6.732478095495672,Low
1.5854643368675156,5.3800530237262185,3.7114598935066896,9.260337781996501,2,10,3.155246966351103,82.5934046823803,6,8.049852011974252,0,3.1087458940346013,Low
9.539969835279999,4.723401314663673,7.776042637052297,2.1151018730847504,5,6,0.12492041140924726,88.97415084422641,4,3.415058121471917,1,6.210434585848213,High
9.690688297671034,4.461719209775255,4.8682181815717325,4.056380536986834,4,3,3.6036255601333944,88.35853592245304,1,7.2817461183125225,1,6.82450994845887,High
8.275576133048151,8.177732655268839,2.7960509766945503,4.039510193124389,3,2,2.570116849382549,98.63443716305426,5,1.0142147897012068,0,7.181974705435809,High
3.741523922560336,6.039249782608397,0.912766279103467,5.752208203539566,5,6,3.028768652604672,64.29207243317047,9,8.843564921415712,1,7.987629898198929,Medium
1.8790490260574548,8.34860062917257,1.2099746298794765,11.784056150364036,2,1,3.1594007962344257,53.55553541067184,8,1.2734162195901626,0,3.8020531863647484,Low
7.158097238609412,4.392138044793654,1.8025354396098807,1.7425280135220413,4,7,2.6352507824628186,67.28284677709297,8,7.414783792863258,1,6.109992607886904,Medium
4.961372443656412,5.891742026983662,2.007733290722384,6.705710938186545,5,7,2.91266888720368,87.16472376120383,5,1.416323703351555,0,9.83421126788135,High
2.0983441136030097,7.236947754252023,6.8049284627291025,2.973011502134315,4,10,3.4189410044493727,71.90558255166476,9,3.396211294546031,0,9.083297535986414,Medium
5.456592191001432,8.744338989033782,4.489782306260199,11.677441999507185,2,7,3.7655942358983707,90.88942152947098,3,5.474821632008978,1,9.573988852885298,High
1.3094966900369656,5.912515017592419,4.1871272909949315,2.246338552002106,5,10,3.6372619564306023,77.46631825930075,3,4.779448168134143,0,4.475227586757143,Medium
9.18388361870904,7.755348258622055,0.9181509749537398,5.439611025977504,2,1,4.348082288661309,96.48958613152516,1,2.7265250314090954,0,8.082352953069956,High
3.3290198344001523,9.315866489417122,6.88111754679548,9.116734833180669,1,4,0.9472171658370138,97.39317209995343,9,4.004334205383136,1,6.57908156584313,Low
6.962700559185838,7.695179129093828,5.78251442566787,8.750098708301898,2,7,2.0057398474589876,53.46522530093743,6,7.549357330548704,0,1.7446157475601698,Low
3.8053996848046987,5.397756848521802,0.5413468952000127,5.6500150058332546,4,9,4.738980330072286,72.82067198562122,2,7.023313833216834,0,8.415823502413588,High
5.680612190600297,4.146404689339228,5.662680777838149,4.811765847479901,3,5,1.9829528719316487,80.4844530624784,8,1.6463312538752413,0,7.093911487216282,Low
5.920392514089517,9.22059324340558,4.3483057387411685,5.373736164081576,2,2,0.6243503845296133,62.79362704061064,9,7.725842430155977,1,2.790256235637401,Low
2.6636900997297435,4.127616465102323,0.653802765974226,3.907038894745032,3,7,2.627225631810898,70.35383896894902,9,1.477412930773255,1,1.717647016865152,Low
9.726261649881026,9.248210036105196,3.6664051322292517,3.258662325774798,1,10,0.5474548627723108,83.88407705588492,2,5.88633750189806,1,8.533199175834977,High
7.976195410250031,7.173622804163272,3.877570297040376,6.313436673147789,5,1,1.014266193639326,61.33671134491807,2,3.3405647323797156,1,1.7101164654208096,Medium
9.455490474077703,9.634406191077378,1.326196321306206,3.9538713167436805,5,7,4.991593782854784,80.09906764872262,7,6.28921114803837,1,1.8221847882979296,High
9.053446153848839,8.792699414641993,7.5655851760022585,4.162078313869751,3,6,2.7068131919806597,84.8723914082153,4,3.351955563468117,0,4.846674591138838,High
6.381099809299767,9.987604663200024,6.7998029718452955,8.224316698220129,5,7,1.4202919452021452,54.524815554793335,1,9.86462172663248,0,2.2131804557752934,Medium
9.296868115208051,6.104270892710261,5.3521786986328665,11.653910648698814,2,10,4.9738747728695305,74.87646580137263,8,3.7875536535477865,0,9.223026376984475,High
1.7964325184672756,8.603129733586762,3.6983644880048576,7.640009206153126,3,3,4.832794592775716,63.15400149620954,2,3.177645721070464,1,5.232555426369131,Low
2.763845761772307,6.411585481655453,3.294124332676068,1.846774137714629,4,3,2.203695205421318,86.21931779990223,3,3.5061876182381138,0,6.122358825891143,Medium
1.4070456001948426,6.879253721823453,5.207787737207633,1.8314197523947366,2,7,1.302015543939542,59.477775426847025,5,9.068255715333658,1,9.352954805302787,Low
3.927972976869379,7.7650327793102205,4.363454955255244,11.465655429301226,2,2,4.19199819046095,94.61189577690533,3,6.725969458024103,0,5.772369030745137,Medium
4.498095607205338,9.242062685118032,0.4981848470550849,4.27019869338067,2,1,3.578103584858929,71.54706682591635,7,7.576156876786988,1,4.182320313615866,Low
3.442141285965063,9.904500815195771,4.1000211901626535,2.01273684690723,4,9,3.434707175017552,59.90015151537767,7,9.262094590849154,0,8.174395952342486,Medium
8.458637582367365,8.609640483187109,6.451228937862716,7.589490458654197,1,9,4.465568706612363,71.90108981751646,2,9.206852363605067,0,4.985651777276896,High
4.210779940242304,6.506600693004002,3.6739190207756645,7.8601365611929275,5,7,3.447085669356623,70.4371881404264,7,7.6505126192085475,1,3.8662248304207485,Medium
3.5284105871864266,6.528142013662421,0.4156526204341473,8.13355302130557,3,7,1.4189897152077457,71.44594797468551,6,2.7804198595719063,0,7.509065127449811,Medium
5.884264748424236,8.42549380953335,6.290225595072265,3.9414223064329543,1,3,3.4693158093786614,79.27806467487234,10,8.59035988607505,0,8.214451089517388,Low
2.2683180247728636,5.4326628746098145,1.6109102570877951,1.1662175263592254,3,10,1.5290675564183198,76.05868624567688,9,2.8339843077195734,1,8.125445508258442,Medium
8.219772826786357,4.6628446787883675,2.06896667910431,11.61516906399919,5,2,3.796194898284975,57.48885658404514,9,7.686089326885887,0,9.799069727158368,Medium
1.6709557931179373,6.127732945844659,1.3176508274583671,3.7598235026021274,4,7,3.0987392724578298,53.27895363233181,2,7.170427598903869,0,8.080002539874664,Medium
9.881982429404655,5.72343394992449,2.6417205189719803,8.436289168578021,2,9,0.3870577599237529,86.47077243632702,7,7.8299996512640195,1,7.929400923538176,High
7.9502029236699165,5.777848722735941,6.05401204550908,8.772928568665805,2,1,2.5641768121757105,77.98587179641567,5,5.794171126424342,1,8.717367283625983,Medium
2.7884411338075514,5.40164650629946,4.155086876031499,7.710081587874343,4,4,1.7165048459787047,67.95003840396319,6,6.748535640242976,1,1.0016667576589853,Low
1.0496990541124216,4.252559137818171,1.6390501932057004,4.44198133635013,1,6,1.6428531636614712,90.41789112490369,1,9.579880723908298,1,4.261882700689936,Low
8.339152856093508,4.107243608400482,7.022640625216327,3.9820587914047234,1,7,3.011281511886286,69.40292371304784,7,1.9097973475679342,1,7.638427864309799,Medium
7.361716094628554,9.92633433841619,7.0366548396122335,7.574351109729735,3,10,1.6116241223471244,89.79825448003038,6,3.7796254730345797,0,6.397471099992496,High
7.561064512368886,6.566638802415174,6.964627400368055,10.527051969728607,4,7,3.8844687410243632,65.28780637561873,4,6.502213117885442,1,2.598148023684559,Medium
7.941433120173512,6.30595988295809,1.9103696910523142,11.414071018157351,1,10,0.3539571800558722,53.64226487725999,1,9.676487171183403,1,3.733597801796908,High
1.6664018656068134,8.07788369615842,3.609914753447905,2.164963848441334,4,2,3.301941261979127,96.63198468999644,9,1.8601700289634104,0,4.031133499738961,Low
4.226191556898454,5.3095233271903854,7.879917249127001,2.7031147385749184,5,4,4.045974018283706,69.72755646406866,4,1.2029429937707778,0,6.110453000550844,Low
2.0428215357261674,9.699767103701351,6.176099810479923,11.392098846613877,2,5,3.3641584496021504,89.6346286424689,2,1.501746386232952,0,8.484384667969689,Medium
8.767930832880342,8.718070086493313,0.21733936980447854,9.101887511682719,2,1,2.4861459750999786,63.95720666111522,8,1.4716511781507893,0,9.392426017999119,High
6.609683141448022,4.536466013873557,0.5216367300839364,10.712932073127504,2,1,4.751535068680906,82.3182556061828,2,9.17034271999664,0,7.750831715682751,High
3.9780822236738427,6.50548465470957,3.711451014498662,3.2289589754887746,4,10,1.4996924489903178,93.66554366288642,5,7.491321171404422,1,8.586553511591289,High
1.5720251525742128,9.274709845372989,7.273761646892481,7.4634445822034206,4,3,0.09583943762488889,52.082201116999016,6,7.093957295766504,0,5.230863626063645,Low
3.79884089544096,9.668392133748462,4.309614383621714,8.71253553859221,3,10,2.1599468573172045,91.53178823430446,8,5.703155382356286,1,4.507977876600586,High
3.9266498982407234,6.804409067499218,3.982500064274322,8.4812307399167,2,3,0.16505967950163625,78.56665024859643,1,8.037573552749368,0,4.534376789297953,Low
7.566455605042576,7.680468335264246,0.8437895996530447,5.48966859953368,3,8,4.769683762632043,80.37358769542845,1,2.4008319348543172,1,6.544346755059614,High
6.738017242196918,5.002203676552451,5.254240837794352,1.1693438086043932,2,9,1.0495902287402576,76.15790004029913,4,4.527470708095937,0,2.1181303500022812,Medium
8.98491468318694,9.947011756821858,6.576825284801804,7.412186624846894,3,1,3.9446351197443974,93.72375516418212,5,5.4100382568790915,1,6.215447645112351,High
5.249934326457543,5.390030208300661,3.0433600600604986,3.7841169309756966,3,2,3.8728604158718243,52.17166786178187,9,1.9936854790905363,1,6.98619574165353,Low
2.0763482134447155,9.656390644810754,6.20489480740262,5.952796707571793,5,10,1.0886444984146677,63.051419576792405,7,4.775623384037653,1,4.95017866185615,Medium
7.419203085006955,7.897879893954211,7.715813231206493,11.53339116592199,3,2,3.1061326524008366,93.78812694295777,7,3.848516013363583,1,9.578504590940506,High
7.847065437552077,7.6464207692731545,1.6301316730215127,5.3893884940667816,4,4,0.24039484243225107,87.6172851265978,8,1.3202393121411637,1,6.473919451416177,High
6.051494778125466,7.076131066099052,4.18663704955793,10.237817673308694,3,2,2.4178729285193374,50.88225800893029,5,2.230618624563117,1,2.979995250129627,Low
7.938704619591049,5.384018870306552,2.2971036646766043,3.0739466632417622,2,7,0.07323563636243369,75.85031416048542,5,7.876331408507246,1,5.312946316901646,High
5.444160367279517,5.05916819203305,6.342835352270715,8.397065478275318,3,9,4.605719400904209,76.47863403563375,1,1.1623411855418002,1,7.078639934217645,High
5.704595464437946,5.322917254421052,4.62074692704926,11.747076498828378,1,7,4.8804301209978584,70.04410675639552,9,9.40827969186725,1,3.9126621212243107,Low
4.847869165226946,5.118629572865527,5.07665934040243,2.120824109602305,2,6,1.1114138331929264,64.86966660309949,6,1.7778216920251366,1,1.7167744566012084,Low
1.2287721406968566,8.67750684140052,6.383313276927153,1.0915193644991121,1,10,1.040530172981864,84.0862425206171,9,8.193142847831123,0,6.250920712397965,Low
1.97102284293974,6.100751555000381,3.167763781299639,5.769410718958758,2,1,3.7686008828106483,60.38952323523769,3,9.087548868491236,1,9.53083151757712,Low
1.2828626711806081,4.347056059380378,7.320720547256346,2.018880313565039,4,10,1.2668969941466723,89.94742810358531,5,9.470220263654024,1,5.365647870068564,Low
6.727693701374023,9.814615780844868,4.26423093796912,9.232227846438544,4,9,4.475382795809225,90.15185803837359,2,8.807293211463753,0,9.15498172582334,High
3.82920382968694,9.302715309780554,1.263638582682784,11.060035302334148,4,5,2.8696456806149113,70.76307187864103,10,3.587950354828989,1,8.515212295345247,Medium
5.577136220482325,9.566513699171278,5.56719294535042,5.774230699796347,1,5,1.7538881150515606,64.17740054548239,5,3.997784182046293,1,2.3267150527058504,Low
9.168098265334837,9.969446935878612,6.346090803506035,3.8458280637098508,5,6,4.1634687317471,64.19390907953566,8,4.838911287490683,0,7.373529296520138,High
3.2436300623398746,5.043371495316924,2.5340934165402134,5.778436509072708,2,9,2.467033502066976,74.1145661998105,2,2.2536702046639077,0,4.919189725647806,Medium
4.693446307320667,6.377452113415952,6.857434055990024,8.95792599635001,4,8,4.558164568542377,85.97896123746793,8,1.2004520956050149,1,3.252216927366432,Medium
7.799960246887438,8.549430854224548,7.249146038126131,1.0995957773840808,2,8,4.640071183646905,67.94343454969294,4,8.822094528529313,0,7.182445201000327,High
3.059183489424602,8.176123708322754,2.2152358990224714,7.483993884331669,1,8,0.8271007606420466,80.50216727288758,10,5.987158445894107,1,7.683946467907792,Medium
1.6928191884591368,4.92337543803913,7.8681717817217764,7.74620853376117,5,1,0.011617030659651362,69.12422302912972,10,6.478506479603947,1,2.619066868613549,Low
3.6077630762239123,8.894998749943706,1.1256922243900673,8.01457071585529,1,1,4.9196547007120115,65.22615945756917,1,9.342896273360157,1,9.230002138505876,Medium
2.4509915852860398,5.346643431019964,1.6161253472199197,3.662242879789649,2,8,4.530687680637397,51.24297579578971,5,6.986081603022541,0,7.760325195562968,Low
9.367278871083158,5.342905688935739,1.473798713904209,8.854579957159395,5,5,0.27722617851920706,50.19570528676953,1,7.21768153905832,1,9.400379492277718,High
8.273083416079754,7.221846537360482,7.151917680062963,2.0053063496495405,5,9,4.165171319705349,61.36038389160022,7,8.08271783593068,1,3.853658968873219,High
6.700633808593811,7.557639609050219,5.234340418599695,3.191973701134809,1,2,2.289024662796033,70.32031434004978,8,2.047136048716634,0,9.454015141686881,Medium
8.84314531168946,7.480517247026867,1.216834265778183,10.652170513199302,4,9,1.2948080251248761,92.56305836810301,3,4.241459378924124,1,4.316658920545428,High
8.23304869209203,4.548921024386529,3.522587346946792,9.12595465799223,2,8,4.393732618384649,89.92421214652127,3,9.713871349330297,1,1.4857278528465256,High
2.6791305299743224,9.264765175782282,4.922384200558416,1.1512010941247977,3,9,0.9833361619515363,63.3582631293995,7,9.30637070290546,1,7.86672449838121,Medium
9.0330309864098,5.593600255532237,0.6677126799150663,3.732138864067802,3,4,4.736499997100335,62.22702214921497,4,8.956677666791663,1,7.331573296795067,High
5.854080177240856,4.777089527696825,7.05933094725871,3.3584713129248103,1,1,1.0281074384967055,61.366103553501375,3,5.068796593050752,1,6.381198930369992,Low
8.266961396476564,9.332488479213863,6.428828283532281,3.9788696084066983,2,1,3.0684159386437178,66.96186702644334,8,8.714736582281251,1,5.409043699457566,Medium
9.06482169931144,9.73390898937852,4.041654188613106,3.7231574730787504,2,5,1.1154316726448743,74.90993597808426,3,1.4355629375118903,0,1.2894874329036825,High
3.8620312747467747,9.172765703592704,7.737012922073363,1.687789253171303,1,2,2.728343324843174,71.93338860157877,7,2.336656818314057,1,6.621375263681389,Low
1.9904673207490908,8.857096448349267,3.3420878342007976,6.0483456825650235,2,8,3.4198756495757063,60.91365993907469,2,4.725709286356487,1,4.751511537005143,Medium
3.051416462877475,7.93145188383413,7.8728825522919825,9.060068222647816,4,10,0.9511396541006878,56.5225704971809,1,5.350528600139138,0,6.041884624668505,Medium
4.843970097636307,7.305144223654835,5.3433599904290165,7.674048971891801,1,5,2.604428913503396,50.62889062430977,6,3.371564381687712,1,4.8638920777087264,Low
8.362132893302437,4.521920559468461,5.077370186031532,8.401588354578877,4,5,2.345298721950595,57.698161933325196,8,4.208290037630087,1,9.69450519488679,Medium
8.74657524930709,6.4507192784241925,1.32763916236628,1.8926409638986308,2,2,0.3551871070167062,85.2678185097059,1,2.4649849092283187,0,6.4369801103576245,High
1.0625691747807164,6.236131102073884,7.055422066437152,11.46639781194466,1,7,4.091539088376514,62.18192846727915,10,5.402206285443165,0,7.7431269754222045,Low
5.596725723198092,5.558522702561957,3.419917503364921,10.223410172273272,2,8,1.6784120032142087,73.43009050607549,9,8.144589635810751,0,9.42712252723975,Medium
4.7566990283390105,8.34052068213151,1.2978672462598349,9.85599350345229,1,10,2.872910987759398,79.56505744616223,3,6.952243542951751,0,6.324393906250657,High
2.9989702942365724,6.975254410472624,0.10086015980607232,10.052821855459442,2,1,2.573921174665672,94.34204514158036,3,1.9701302262898714,0,1.1085626604016068,Low
2.0787883060031453,4.486277295445888,4.478045469107061,11.259815589460375,4,2,2.566302522852211,94.44275491967097,4,5.388234430570445,0,1.3086251047948814,Low
4.038536542632651,5.3210992116988685,4.219196976981411,6.986793627250675,4,10,0.5361119710424372,87.28668668406794,1,7.278817445017524,0,7.321045906916757,High
9.486187335212673,8.099552581957575,5.7548289789532685,3.2031021965438846,2,4,2.117410046246664,51.75784960242507,9,5.769057668985471,1,3.5117662253615514,Medium
3.908826388186797,4.456785156941801,7.122064424142417,7.784619686377953,1,5,2.261833796032851,78.75352095427074,3,4.525080368819941,1,6.214417546131538,Low
5.669115595690295,9.107241484292611,0.6352526771442362,9.171696430347328,3,2,3.6682142018222423,89.32917354157533,10,6.597229791554904,1,2.8204946298160207,Medium
7.3271706300566,6.970879162083846,5.851971922722899,9.117091326894279,4,1,4.200094159603492,50.86440223816816,4,9.717747987702479,0,3.4322398755554273,Low
4.272666421413646,6.883519463959888,1.4992955527806577,6.735939265835681,4,9,2.7249113905000897,77.48423068282892,1,1.854171187894702,1,5.541769503532677,High
9.746038744488645,7.554446707957106,6.865416425257312,1.7530459126693585,3,1,0.4339147703249524,92.88820728930148,4,4.510144546728046,0,9.78012517020474,High
9.662025654479,8.948085795550895,6.552508110893249,5.082242322731406,2,4,1.1842473529827313,73.70510379211335,1,4.659452677414861,1,6.546434402882724,High
3.2660406624282774,6.086855247413158,4.326350039884355,11.128432693096931,1,2,0.8246701342636553,50.20531014487242,5,6.192705794215339,1,9.425332940617208,Low
5.475236553031469,8.068096915354381,5.681942388986492,7.428938007331686,2,4,0.6230753159456237,50.55066791678037,5,2.3695714169372613,1,9.634418689482528,Medium
3.707904788350927,7.394391783974746,2.514800905469987,6.921651375812848,5,8,1.8294964930890378,70.83180187068753,7,2.589787268834226,1,2.8729899677845667,Medium
3.5635644493972087,5.602169621016528,3.769343191462517,3.9573886582041284,4,8,1.1469675107719102,57.750433370837726,8,3.568252473980692,0,3.8007424222205,Low
1.3319825261907952,9.271779918130948,6.573095181683773,5.052938119082368,5,9,1.0915155590575614,83.22253285466297,4,9.602830389416676,0,7.9299305309683366,Medium
6.486079005819072,8.784556129641569,3.674121577385711,10.848806980684863,4,5,0.2734658728813383,85.4399632453077,7,7.606977231078123,1,8.800876020622095,High
5.524111209059753,7.950711007950553,2.8623861226035343,8.331093522795193,4,7,0.0883502239771694,58.89398977303143,4,6.955239715223529,0,5.6730406977057495,Medium
1.463308761249904,9.103490374565451,3.953699578002399,9.66125729427566,5,3,0.513841213248909,94.42666442622425,3,8.35261918654836,0,9.939034605524943,Medium
3.507818178129503,9.203765205758813,6.625994019497747,5.997799653744206,5,10,0.8609873971181653,72.0953922489463,6,2.1481882202502365,1,1.1041497887974323,Medium
9.174392973699883,8.250177860290208,2.681664378966982,7.932719414017737,2,4,2.1549186442410155,57.142295379596185,4,8.733995377513764,0,3.6963339002669406,Medium
3.1560570160027517,9.022079970182032,1.3900927450859504,3.732219696175283,5,10,2.552601306494223,88.21257990346977,3,6.353494424987536,0,6.608455783701219,High
2.304053848821008,8.184828770015702,5.696112162646246,8.76006913311835,2,9,0.7029595908668279,89.49872500083865,9,4.017961067130419,0,5.223609198437345,Low
5.405074842498067,8.080844630561803,6.607825701664654,5.703614670736711,2,10,2.1239167076209315,81.96477363327287,5,8.342697301711214,0,2.049426697859207,Medium
9.870854086995406,7.711668269291106,0.8050998281882666,5.868000662962201,2,10,1.7087442116296363,92.67327766012767,7,8.223080809137617,1,4.310083769325073,High
3.178497443603504,8.516299837345848,1.9189929020475578,8.142545570345698,4,1,0.9171182174897802,86.86864860153356,6,8.611377235450544,1,1.2290242896553516,Low
7.049219926652907,4.951630631758443,1.1357759180879512,11.299086836158192,4,2,0.034203740741817756,94.11028686134952,10,2.0396611009628396,0,6.784714414677515,Medium
7.854576537958458,9.28522455519357,2.783531292657333,1.7040698126948302,5,5,2.3350893326087085,71.69440242427397,5,9.724251204961984,1,9.034682886967197,High
3.1387378959315972,9.231061166471392,3.602807831243301,10.072175610817084,4,3,3.4282587463259966,87.37985640497212,7,9.63663538410758,1,8.96386711405113,Medium
7.553947137506736,4.175483698207355,5.990610695706452,4.216214214534125,5,2,1.131386670719035,99.98757817145221,6,4.217226809515674,1,7.295900263889918,Medium
4.3100481944732785,8.954900503388576,5.209180679053393,5.883113999570156,4,1,0.6590341494833968,86.24655987598096,10,1.5930461639072768,0,5.191931759481347,Low
6.690752475342215,4.773219204840672,4.967428539827449,1.2410466165250984,1,10,4.435213722234809,55.70918901185661,2,2.5035010252190713,0,5.608284568223407,Medium
6.7017673968480524,6.010713125554851,2.8189995728772352,4.311506856177443,1,3,1.375123862438989,75.91593612145914,3,9.935477429002272,1,2.232269415960966,Medium
5.821972156672826,8.461049537749647,6.7315804246780795,6.5289436689314355,5,1,1.118063098963324,79.3673895621514,2,6.0671164885449675,1,4.069153838072827,Medium
1.8126079304896747,4.9645593762898494,3.7702973391853165,1.6179368508218293,4,1,4.285484698049579,58.71053375356955,3,4.2095961894344684,0,2.689552679484463,Low
8.51772246030314,8.907802144714374,7.832839504121236,6.402053023214816,4,1,4.085535495833806,98.14458170890188,1,3.5938242446503494,1,8.390801830149591,High
3.8870205847456223,8.992805067746453,5.073137106365895,11.1982169174427,2,8,2.241732352623168,58.77898888173081,8,3.312925617798528,0,9.232785112041638,Medium
2.678666593598688,7.044806402565017,1.0101179325160219,2.1593253991858576,3,3,2.4461943071388728,58.87789598566114,6,6.977374885490338,1,5.832309352781054,Low
1.3669762739928752,4.038315230301001,5.409420496603472,9.408848008830548,5,1,1.08874352417011,95.75835689872775,2,4.774490483677173,0,7.549876364616496,Low
6.318036488694176,5.722228799049477,2.600832123453592,5.506381587135919,3,7,0.3915083523977875,73.26027165608355,8,9.688696294317504,0,2.0931829381641474,Low
7.098079256580542,7.701561510254454,5.490617573488779,8.206910859767717,3,10,2.867159126778305,53.15941396372581,6,7.154587275808253,0,6.476811789495145,High
1.1492904603507053,9.88711706816454,0.5571291852992459,3.862602577837523,5,3,0.49172460795106565,79.90937499692643,7,8.128401319440652,0,7.325119192400614,Low
5.608837524693529,7.7908811621000105,1.399051497407675,2.7544148879549413,4,8,2.246372734783249,80.09131743165239,1,3.634673937248439,1,5.074913165602607,High
3.0384619767814414,5.558821486384959,6.845898071246291,2.7650887569834905,5,4,4.7024859925650535,53.22503793432809,7,1.7126776819776326,0,3.1894577602362877,Low
6.806555113685048,7.804034218597668,1.817436456188119,1.775411402074591,3,4,4.764171945852922,98.6261247816831,3,5.390405536436929,1,8.896370684872522,High
2.569297861044923,7.239912278295133,6.69632900194352,3.0421137539136733,4,5,1.196661432736793,77.20149826472878,8,3.8312339189160456,0,7.686178479583502,Low
7.218439642922194,8.679072370906862,2.2342087076352835,8.30641323487865,1,6,3.120567100228272,77.98978610898821,6,2.818748485071313,0,9.098715536642755,High
4.480618116704837,4.64188383296175,5.143055280469661,10.698596730278588,5,7,2.370381320539288,76.00577072511973,4,9.573779177207753,1,8.36562382748041,Medium
9.43056989863061,8.566167415012167,5.553204588078648,9.95538254150278,5,4,4.37842563793053,80.536588982231,8,4.995893929078273,1,9.913369866209763,High
2.2376884973139393,7.247599472056661,4.1012380251604235,8.536477408619325,4,8,1.3571543213802661,63.214987638687745,9,2.572377328439071,1,2.7295545989300405,Low
4.069597159452327,9.777952023153968,2.4424854135738503,2.2147504975221293,1,6,0.018512034162084245,64.36206739874204,10,2.787855874130252,0,1.7807299102357668,Low
2.021261691165302,6.051232996232116,1.701155010968769,4.181061909255448,1,1,0.8128060296570755,75.56695448980663,2,3.5263876821813462,0,4.033025122035326,Low
9.322242564507064,7.795731358803689,0.26551483649940977,4.407875628547159,4,1,1.7476140058469902,90.33429273817899,6,9.993846413707415,1,2.1610375752093303,High
8.896054180428829,9.592168633060105,2.4315712099257905,3.7495264103738335,2,9,1.578605648852443,52.49322882470894,5,3.412103504676376,0,5.708171016156019,High
3.3214746494364005,4.6150583679440755,5.225302324250264,6.665062256806954,5,10,3.9568145956144294,80.1702106110123,5,3.9592162412060827,1,6.697260148669683,Medium
6.939856414307611,9.623370923418706,7.506438547587861,6.8910919636763985,5,6,3.402803330694189,90.3389071253157,10,6.933953151856013,0,6.204597536560633,High
8.354999801810942,8.127314333804879,6.969635858104416,4.925745726882212,3,10,1.4977815980744862,57.84586360186136,3,3.6456523876926847,0,3.3331612185124313,High
5.996807304395161,4.407022354631032,6.128518212282421,4.891680746100796,4,8,2.288719085831067,50.75112709902832,8,2.9422382595372403,0,9.179416278719172,Medium
5.766855205204059,5.805781401680898,6.3075787460263895,10.114111576966895,3,7,0.4777955197916761,65.6356647570729,8,2.427734679846388,1,1.190551273618406,Low
3.1766706181040654,8.24903253187169,5.319879227807962,9.682221331516542,3,6,4.490732224100504,79.40718533647991,5,3.8141439852501295,0,4.132120183871437,Medium
1.837924910253093,4.40410360881263,2.082294860528024,4.385754148488202,1,4,4.67712412224267,56.914158670237384,8,1.9532412066589617,1,7.4709322785825485,Low
9.074941821579941,7.49302276105764,7.257560245646639,11.051672882605853,5,7,4.89901767690469,71.30611854862428,10,1.167819277733046,1,7.902360337142435,High
9.103762514469974,6.07529834171774,5.365858495246672,11.480965187027566,3,9,4.342764153929188,77.6160748687139,8,8.241775276012095,0,4.745066899886739,High
6.697913115459412,7.725493106604863,4.48352504784352,4.594167962330449,1,10,0.8698044384811277,79.94415473786586,3,2.2410544817311893,1,1.152188319307304,Medium
4.051268119438307,4.274452202875077,0.8879157537078486,4.898674436723604,4,10,0.23098241600814418,63.72058605001875,2,7.9837916483371805,1,6.562393112113636,Medium
4.142886171513948,9.229220836914259,3.5764443504514034,6.561975687641548,3,7,2.89798363706337,70.00148179931458,9,8.177882310879937,0,1.5678521306489412,Low
7.533601109832154,9.840933815064382,3.6828661696154104,11.352328937870409,5,1,4.563025134415552,88.91696145337794,2,5.841275736963188,1,1.9707019853816305,High
9.073992339573193,9.813267131714149,6.91650887618136,10.639513764565427,3,10,0.8867568082987143,97.06073470603428,9,3.787137624816563,1,6.852256476815709,High
8.983777818386056,8.497910990457548,4.373185761502308,2.128247588419488,4,9,0.0352145731207093,93.09401655591286,4,2.305294603748996,0,3.8123949352856936,High
8.018879912718614,4.780517440783791,3.043204391763277,5.320038175985578,3,4,4.027480230161221,78.21417508667159,2,7.631245960488991,0,4.132271374374276,High
6.77828481538859,8.549579175574134,7.814402628085275,7.08708308724749,5,3,0.38397842143367,70.51464014719733,10,6.4124828738360735,0,5.381263692849191,Low
1.7572596849554394,4.147521498752809,0.8857647466105254,6.53445719806694,1,4,2.068530159550152,66.64783071857092,1,6.899081108442077,1,9.807205553734365,Low
2.454658426851524,4.1327413091739835,3.380387426495557,3.132493747305819,5,4,3.394436685943925,56.2478283042009,4,1.0780218086061795,1,9.688979986648395,Low
9.086987696743714,5.941661314897248,0.3361974013712423,10.446984482849702,1,10,1.1839879272809006,55.32756236080565,9,9.34765314137042,0,4.746348994240676,Medium
6.457861536936309,6.931859142427994,5.919232966135443,8.44634861296521,2,2,0.4198128172336335,84.41788124568288,9,1.5966116870189522,1,3.3894929549645396,Low
1.0827734645496667,8.622444506846758,7.344612417593205,10.21699212336984,5,1,3.8501061422791434,62.98972080855802,4,4.301252966260051,0,3.723329373977042,Low
1.913243885794289,8.099772259639032,2.2402986364039155,10.446407072844194,5,10,3.150875424435207,62.73308432162234,9,4.6244048468653025,0,3.419031683454437,Low
6.971515921972502,6.67541623826049,6.866733414392967,9.231914390323137,4,1,4.942452422434024,99.90975272388928,6,1.0121997204815396,0,5.790212264276026,Medium
1.0455542546159682,5.641759997689995,2.337745843695182,5.831316613746891,3,8,1.7215401665997965,59.39629789368977,1,5.473803784157174,1,6.461738270208357,Low
2.4472724627574878,9.982747000946267,7.286161293151322,7.71601430516967,1,2,0.3088119314509985,57.40298797444148,10,7.77528095059909,1,5.399014494066995,Low
5.938604104299275,6.557087813415838,6.0316952287742716,2.7640194673171745,1,10,3.6717501766764786,54.93426138799603,6,8.409417878032949,0,4.6719492602333705,Medium
7.227056779234239,6.708322145978053,6.439254214731509,8.410099592223984,4,5,2.6086670942662282,78.99026725833981,9,8.91457293975296,0,2.9015653381294397,Medium
6.867651335523405,4.981742927150015,0.144052444803636,2.9717858131320884,4,4,1.0660196569456755,81.39319130010507,2,5.389469814838325,1,5.3425503224390205,High
3.018423785145038,8.768857292499575,7.702482856592208,8.633445495611724,3,8,3.908644945023797,68.2613963128441,6,6.6757257147668545,0,4.069924424222123,Low
7.409612992127823,8.162093354688931,5.813367936562586,3.5255797682936554,3,2,1.0187774292497187,76.77066677557339,2,1.7156774196684887,1,5.874359165185086,Medium
3.135241787471201,5.324617676732562,2.4380087630890666,2.2930643016524197,5,10,1.3033082741646829,89.41997654724562,4,5.392344018535749,0,7.076704739604615,High
3.9285972834334095,4.494286273695057,6.6351573188707755,2.8181293915725316,2,9,0.4626427718335957,90.90520841608742,8,2.393341793845617,0,6.699809569929496,Low
7.718422646062217,8.082995812448278,2.2521695873194396,1.021913487409773,3,7,1.9971613951542722,97.89560378578241,7,4.326788058602693,1,5.16241189365034,High
6.846696091424932,7.927067285686811,6.982030716529024,8.906135796388833,4,7,2.094646119687095,91.21339929614373,9,3.9637478157813937,1,6.004471818519648,High
8.6430106944476,5.639557161989256,0.9006431232954961,9.05641153964217,3,1,2.572808951741492,78.24207183587133,7,4.811865195173573,1,3.563705178646837,Medium
6.91851603070309,9.705181373502462,5.629487819686366,6.664266849045854,1,2,3.544821335618887,58.9828482918423,1,6.144729561767193,1,1.218162331201507,Medium
6.114777430019244,4.906347350685401,4.325587813159283,2.7749908116092206,2,4,4.5305046434021286,54.98817788514212,2,9.125889823566963,1,6.625175087512937,Medium
1.8430729104528323,6.594008806255611,0.7722757615635265,1.9190977126175872,5,4,0.6886704944390432,52.72559449554296,6,4.550361682127548,0,3.2731170322391825,Low
4.309442227534902,9.661695521005594,1.9351506260707119,1.2104186308101572,1,3,0.2717404917432853,83.32629158926919,7,9.830180761403957,0,7.020583390614471,Medium
3.386821309135529,6.518363901556734,0.09923229021851832,2.8232299466174275,1,7,0.09265616797166643,90.37681276989966,3,7.8312524324608255,1,7.723076496372634,Medium
3.195906790411752,7.8311556859845135,3.7501437237160467,10.799410884814614,2,8,0.7181068903440813,75.43419753420395,9,5.603329421095449,1,9.24334971493403,Medium
9.75709499277201,6.385566387776766,2.410122086080003,3.6569052587184996,5,2,3.2897474289081297,52.735708741682,7,6.796237934007497,0,9.623105159316516,High
4.537879522000844,5.64529121409202,4.7868598743820705,4.896984599389372,4,4,3.6373853899824833,76.7735287295669,6,1.9200175401875004,0,1.094734416787313,Low
9.02841899659402,9.903865887758968,2.3779024616689375,2.158800329294665,5,3,3.9325285676406105,96.78746307622751,6,8.600693781822894,1,9.913367884191736,High
6.680247633975366,6.456004037890258,2.3993528920558775,3.4459743522298734,3,2,1.2185410595217134,79.88065954662302,1,6.241217095575693,1,7.147164866447449,High
8.153301731874835,9.364595222074806,5.945545589852827,6.711470278582256,1,6,1.5294740663075994,90.47137442314074,5,9.874607321886415,0,6.791717443367704,High
5.523733837946729,5.3797276353465175,0.3851426878268276,7.685279514052178,3,4,2.4156732278274973,90.00763241958754,10,6.727858693775642,1,1.1369178567581986,Low
6.192134961637232,5.2786282241505,7.223159961535898,3.698875455828322,4,6,0.3159154843011325,96.60645498903264,3,8.507004249396925,0,8.751100706980637,High
5.432659244369775,4.186804497307068,6.818110995129452,1.6350537514762893,3,2,3.055707616056231,88.51143828249366,7,8.197864685157157,0,2.309423025230437,Low
2.7571868901824006,7.91000095225531,5.342437465811252,5.301361560401385,5,4,4.918675168378789,87.38502570065448,10,4.10915036321442,1,8.535971385397369,Medium
7.502069037353548,6.211158062342567,4.745772560859074,3.5762370801896757,3,6,1.804031556890013,61.70513324853203,3,3.336495627098905,0,1.1400629163284441,Medium
3.526951261967702,9.186149499037821,7.138419985117218,3.4150931555278214,4,5,3.76423737545692,52.99625776605407,5,4.87444225088359,0,6.8136783624924515,Low
1.2188436978830846,6.839259440149343,1.4826414362297156,11.558490829848008,4,3,2.5001695778480397,75.87997325269039,7,5.205172099679534,0,4.91321380392845,Low
6.80925066316451,9.80916056748833,0.6317532975266289,7.779305345182965,4,8,0.6390592218019137,56.22171039733776,3,3.160762317429795,1,2.8069005615340163,High
2.5939961146634403,5.113153094218727,1.9160813592763049,7.125662874893055,5,7,2.9111872440129316,98.10979381389956,10,9.051380860158746,0,1.968052525933907,Low
9.464127259176228,9.211739007733666,6.356626229601522,5.573526138756542,4,3,1.4993713422203248,64.49623813165142,2,5.882930760705814,1,4.961149268916937,High
9.585357193023286,8.65958111675045,0.2773621338118666,5.718387667731587,1,6,0.17201604226729117,92.64721016921465,6,9.805999529382126,0,2.109752247892823,High
9.233779511984036,8.625531067864312,4.662454680667917,6.949955042218889,4,4,3.174648650588719,69.38123126012297,8,8.29016000241637,0,5.378019505219427,High
4.331428302298999,9.068699368701326,7.9635001295304795,8.660727877397179,3,5,4.294661746623638,66.15971249286886,4,6.001343743527514,0,6.626953527875671,Medium
1.1391095487598069,8.566143945657993,6.845568750700315,8.723607058000123,3,5,1.7238488344993708,96.75792861883106,9,9.523362503299232,0,8.446457742466222,Low
9.354867063289529,7.7573219297884926,4.171565512348716,2.888632984759945,3,7,1.9514777360638524,68.1661286043112,8,5.543873335857763,0,7.1078449346458,High
4.8536573348558285,4.787469266094325,0.5091272742931388,6.501240272842897,5,5,4.455108414836058,69.51439543315682,7,8.983958612668033,1,1.586797900355354,Medium
9.699893371393026,4.1951570769475115,6.650988115085679,5.531539045375122,3,3,4.068044066836779,55.304588980645455,7,4.223303030762249,1,3.766892792930535,Medium
9.672579793803276,9.525087086894121,4.791828065417684,10.575796628963227,5,10,3.574764117758886,83.52233326412546,3,4.407781450636847,0,3.591807471392504,High
8.677085099206241,7.699901887124428,0.9194639764765347,7.94560813340214,5,5,1.2439853187657395,64.44197072387567,6,4.76317614673838,1,9.235291811239758,High
3.6500400286262713,8.779223745857058,0.7508582785868496,6.8575447305758,4,7,4.551083274833222,79.28020839197536,5,5.919630813489215,1,8.810038399534871,High
4.465879557417328,6.8891341090753,7.277014555492739,2.269341063968091,1,5,0.772078787696065,79.56758520266047,1,5.981412431789416,0,4.331331265153752,Low
8.660230043651712,4.703849133774367,5.3536021035046275,7.662016782557526,4,5,3.133852597086109,85.95998477978836,3,5.467590295093758,1,1.6403973029432297,High
3.852298046406499,4.751114753215303,6.634294394534044,2.2892429624825676,4,9,0.1440059027325935,87.26207430862206,1,3.754008762248507,1,9.0469658602426,High
2.5254347201748324,8.113391723373828,7.031831202258139,4.709272331223273,5,3,3.2185990316247293,75.72262172007697,4,9.344858183117479,1,8.993709576677684,Medium
6.0112113621251515,6.581835369396776,4.574178816386578,2.5712616129576507,5,6,1.3857217593667992,66.54959738017016,10,6.297274876143288,1,8.692715188276525,Medium
9.425392967447028,5.20314836020202,4.13957081404033,8.612810117268058,3,1,2.2483848859186,91.8725447417367,3,4.669652945724354,0,8.605734739619514,High
7.264268170074757,6.949567280448621,3.4434192825679215,3.2687732521976787,3,10,1.7263227602852655,65.49328247042423,4,6.860592646692564,1,5.322286009775392,High
6.1305505308042845,4.385253622450804,2.5355727023289543,5.3104531050682855,4,5,0.8637837812310495,75.37545472346658,9,7.911700820288247,0,2.596884870246384,Low
1.8745884439369167,7.4918284114863924,3.476767686869694,10.852422553806566,2,8,3.1099039504693704,70.0626291601864,3,9.646552794054188,0,5.29739245416185,Low
6.535065040292528,5.613960426610586,6.191037245841251,3.247480217388673,2,5,4.409877775703038,92.7539192984844,6,5.495942460408243,1,5.451379936025184,Medium
9.91048465093837,8.78535460382313,4.815387448121053,6.58585570354657,3,9,4.795421211412017,71.59592655729143,6,2.008886593156829,0,5.409385779203746,High
2.260756137128716,5.862171753541443,7.140186319638769,5.611988272826242,2,6,0.9617318157695753,69.30495944187422,7,4.966892212928872,1,5.848953275036045,Low
5.664966871273631,6.731320894490807,3.547040115033502,1.199364451503027,3,8,3.586863870314867,84.49118464488187,9,5.310735053081243,0,3.318913206920396,Medium
8.8963576473516,4.069723239448604,4.856716629750032,9.72033924930094,5,10,3.3216968330284113,80.12205549307214,7,9.072946703671064,1,4.2961706302025355,High
7.66691755978784,4.434681326767353,5.05046042473591,1.7595049694605969,4,8,1.7168889478728628,55.362341674792305,1,4.553206916166578,1,4.907679327671226,High
7.273141668957412,6.354961338440109,4.733577298450604,6.216805230746489,1,3,0.09549599676862919,75.40844031719816,8,9.579918383984246,0,2.180090885648499,Low
7.322356755883983,6.879633008302741,5.621070184684131,7.167461244328449,4,7,3.4489562365643307,86.77391941666238,5,5.366187169429013,1,5.098277211053505,High
4.2354203609777965,7.600123288715823,1.8994677469984502,7.912691022760458,3,7,4.727474302797501,99.60373822956781,9,9.76402450881036,1,8.294226553626338,High
3.64232659838044,5.749975472255819,4.098910220366325,8.574947922386631,3,10,3.160600609578257,81.45734169851596,10,1.0737848901786597,1,8.452535884595886,Medium
8.284250399306622,8.169891316759255,0.8337984224667814,3.785996218749866,4,6,2.1764636209381703,68.5146533220659,5,9.08933837325712,1,4.704073947109273,High
8.291020552112627,9.160734383135228,3.0760906211585004,1.109766543242943,3,7,2.625769470558142,61.30757999010592,5,9.380084067490156,0,5.669274808759182,High
8.803650867220934,8.679105933360098,3.9013365489701153,8.957880285904032,2,2,0.9981440382995876,93.64151170766601,2,9.649188421886919,0,1.3028529892155096,Medium
9.219164973008242,4.237712952090143,5.21779407636378,6.892222592823364,2,9,3.7527208187686876,90.72826060567513,3,1.1176888075715337,0,7.069893008217372,High
5.60208158974844,6.883041683546974,7.604248420689628,10.197294735279737,3,10,3.732099150049245,61.696141038969245,10,2.545307528952781,1,4.641452946521768,Medium
5.513646652184796,4.629581070509049,4.805208532386847,10.035271991907637,3,10,0.7275865019371247,60.03160450732867,9,6.883880527839126,0,5.009299147750112,Low
8.184656610700976,5.452270095175165,5.948751329412478,10.276587845666715,2,1,4.389891912498295,85.75683884055877,7,1.2292542256159642,1,8.863054544617881,Medium
6.849675376999887,9.919975559602879,4.050128475961622,6.336041259774942,3,1,1.3459486973665262,65.74760309593798,1,1.5724809655885066,1,5.156509911045475,Medium
7.31770189531933,4.854973257409079,5.0728322510106505,4.669912354205522,3,3,4.911280304683075,65.31993991809789,3,2.9897098632409773,1,1.190730216050675,Medium
8.16213402492491,6.993328920708136,0.5674577290701874,9.70714022850507,4,3,1.914515070186229,57.614512353382764,2,5.611957918694958,0,3.0474180178215615,Medium
9.010048076358096,7.708934405908715,2.035132646734776,5.964235243321804,1,1,0.8894202936724982,63.198775985491494,1,5.913123033401268,0,5.28058552877433,Medium
4.041956411663822,8.214789823264624,2.8948247456411096,3.01786416043778,2,7,1.7586005567282614,71.37537787963248,9,1.3083501051415392,0,4.819566634736821,Low
4.380246573759496,7.357892100921484,3.7799468400521086,10.404714215176218,4,4,2.200901643485966,86.64191686362078,8,2.5333052570337804,0,8.743331235524327,Medium
1.845837458567821,4.058625084515102,0.3651899640190699,10.70815864449582,1,10,0.34653886519147414,66.8154047206875,5,5.497351060011898,1,5.8792375837555,Low
6.204521268965566,5.9587678494639515,1.1201927804265415,6.1294073175418715,3,2,2.8910919061164475,66.43021697399213,2,6.345465588490647,0,7.206721677236089,Medium
1.3234804641706788,7.106269860308268,2.2145144623304462,1.8326970004076621,3,10,2.988162199344502,64.24566262762178,1,2.335615268375938,0,5.223909673391231,Medium
5.190382163192141,4.527198994869,7.772261527208405,5.266086989086244,4,5,3.694652276747361,73.91418337555214,7,4.589572707522736,0,4.956901606532484,Low
5.883801712368189,6.103761587255084,2.650776056824406,9.838914254088637,3,6,0.14584946145371647,59.031834897065764,2,9.139612928652571,0,5.016580016269161,Medium
3.5788712691545594,4.1992186527482,3.8563284648966603,10.919514314008515,5,9,2.7061910721691507,74.28153670160629,1,9.990093583415549,1,4.69829412724455,Medium
6.317499345121097,4.471470982930125,1.5687817019071435,3.238200167473554,4,4,0.2645371663533219,85.2087778097345,2,9.884930093480271,0,5.847250472687831,Medium
1.2745022494514449,6.381539657209577,4.886240568606146,1.7367097322779868,1,2,3.5057210998332673,51.48952520163111,7,8.935070592581852,0,3.253990615782433,Low
1.3361336987429298,4.796294524258363,2.2454657241277944,10.650854984461226,4,5,0.27863992850492236,50.48896901528809,7,4.551940791549512,0,9.019496744576388,Low
8.403405045936925,7.405245089569349,1.6559406275074142,5.283454328767628,2,3,4.558639241708163,53.75614550772546,10,7.179168628673057,1,3.9977699328448564,Medium
4.241715772701366,8.136789814823594,4.1325810275678325,6.959370606943196,4,2,3.5104128344224828,76.7830030864056,6,4.749330050057788,0,2.3277145075961214,Low
2.143544613866963,8.803520194654498,0.04404639328336657,11.648723932558347,3,1,2.5369488254257853,92.72275415927018,5,6.8367432414178255,0,1.8689543073797061,Low
5.700189340493239,5.200901465468861,0.06131226119380262,1.7322120070564515,3,10,2.207519616405875,50.244223301012596,3,3.784892238725349,0,1.1208062360811484,Medium
7.9299419778874976,5.004895493554418,1.7525504728148622,8.131498081973051,5,2,0.6533631520663119,96.83306522923405,3,6.455820282492988,1,4.805704707101754,High
2.9423892474715885,4.627407042006402,0.29377090000656914,1.815159648323538,5,6,1.4549969478233153,55.31392557852679,9,5.713826468975649,1,2.688498896908822,Low
6.606014282371002,7.81858149726182,0.864206033045531,5.130158213131504,5,8,4.344795525104481,92.09917640291131,4,1.2203223923187996,0,1.1948311232852311,High
1.768127184943912,8.238854358921408,2.7108851947100128,9.841959997127914,1,3,4.522264057812469,74.14273824914734,9,8.116326133715024,0,5.680175916605713,Low
1.4651354905174694,4.189516868953852,6.420685436638503,5.768194560311978,5,9,0.0037385418526553194,82.9678693639422,4,1.1070804902064006,1,7.119806937856853,Low
5.782191684113332,9.617273477462138,4.576389146954407,11.969005892932454,1,9,2.9706819573877565,75.53414922235912,2,3.638403480279716,1,1.7717594581999392,High
5.865716094490959,4.311827701908834,4.101341807651331,7.149652134412624,5,2,3.596503045125568,73.85241125896773,4,1.0533165890860214,1,5.148286956276936,Medium
6.736869113483859,7.247778011806423,2.347910585664973,4.5327836789954885,1,8,3.0937349122880313,91.74497141821956,6,4.3858127196567835,1,7.69265810740672,High
7.534822003503954,8.254363116705498,7.454029755462531,3.4212245849522844,4,10,0.4083988243317699,87.79431897839082,6,1.5684447534772539,1,9.872261389075826,High
9.782668715162812,9.225814742476514,3.1761203298975333,4.85572587714778,4,5,1.088624493994511,74.1701118261502,5,9.22159870148117,0,7.004713101783048,High
5.646703134710758,8.284521592794567,0.6967421343661719,5.097866011355059,3,4,1.25170133690693,55.58179646980308,1,4.741113656465817,0,3.203555957285685,Medium
3.9066082564712135,8.81036849841875,4.93653212894241,1.7558504549635707,1,10,4.158623156525448,55.770147965720405,3,5.135461973779691,0,7.448982758010996,Medium
8.156675752918332,6.036701155256837,0.9107071478128113,5.065316193694505,2,5,2.3159971815446023,90.07697303595377,5,4.148652124817694,0,6.38136484137847,High
3.437490261358668,8.888950682479074,2.7617851424135367,6.106623717131474,3,4,2.4341410597061843,76.46953106737666,6,6.647555387815896,1,2.9061935972339294,Low
4.950742786350725,4.480689078308051,4.059295509742471,8.950115274626851,4,8,4.674465232772543,74.07945701096813,1,8.059673049563834,1,8.659997432627993,High
1.7061074320803935,9.368899936363166,6.9937801974814064,8.224024331937688,1,4,3.1854294442735775,84.02834206803576,9,6.833320687440801,1,4.846639845048408,Low
1.2281566907391177,7.285554256922417,3.9483726427209493,8.796422207520695,5,10,4.493338507763319,92.94207917071301,3,7.733864065556148,1,9.657798892607133,High
9.663835732101326,8.903786619774962,5.618070128253314,1.092000500645428,2,6,2.282544276707665,81.44365722066526,10,9.153762971583344,1,7.5061090670300015,High
8.523821084609853,6.713909707109801,7.942534711992563,3.3943413953858963,4,2,0.7471812925914711,88.14239511732396,3,8.771918785042859,0,6.801068391686399,Medium
7.263767854843282,7.86146617117915,1.051912959183853,8.278527172398421,3,5,4.649677970370428,88.26352620584785,2,7.066526074783262,0,7.555175537289057,High
4.680576499728429,7.15841596561668,2.197852204156156,6.323883049977218,1,6,2.2935255783376913,67.81307243964795,8,2.9317416661398576,0,5.302873169363994,Low
2.559648880637612,8.389537130531991,3.1566086047811712,1.0584482323518054,2,5,0.9081571093941093,63.704159782049786,3,6.739325659377359,0,5.547038300215066,Low
2.4079333840397745,4.489779892183537,3.374625428310651,9.849441066750046,1,2,1.5119787015196113,90.05820335875794,6,5.554747861664598,0,8.660866469002695,Low
3.252186083481358,4.362112503943383,3.288168602124366,9.500905306193712,5,7,0.25401294844471123,68.85893958921218,2,7.45497307909378,1,7.128356829791525,Medium
5.943039982355084,5.482619404060879,7.260888020452439,7.032610792929189,3,4,2.341502957281926,95.16680032613526,7,8.496384835536233,1,9.075189926724775,Medium
7.431363304300561,4.95726808067913,5.7122611557348515,1.7310965835389933,1,8,4.265640859551183,53.48453483650598,4,7.684493474677757,1,9.017440782168418,High
6.941776390459581,9.23070139955321,4.86324171272563,9.431665544858431,4,7,4.667902280033447,52.91087560376698,9,8.619050529651567,1,9.788410306398243,High
3.5194050725134858,5.315283924148266,2.4749817429022567,7.420849465045004,3,7,4.663011037518219,96.35020800507041,10,1.5747973600692147,1,7.301931929608008,Medium
9.593787525968747,9.855191534914788,6.5903230737703575,9.60155974873755,4,9,0.6261501281437337,82.42274570907173,9,1.2845803441371757,0,5.520715458955678,High
7.641072250261916,6.0213747506266415,7.6404840918799115,9.269216916354244,1,1,1.910269412555285,68.97996782241661,7,3.3265051092963454,0,2.496805301881741,Low
5.989186472602606,5.0927074941321955,6.569586260401812,9.833022791536209,3,10,0.14114379825353185,87.75302074080915,8,9.105994756977655,0,7.348425036826756,Medium
6.5054867161091705,8.738191042854876,0.012520841531783233,6.698088730450873,4,6,4.275826724857364,83.61634049968205,3,8.412933258855766,1,3.6241994508393764,High
4.776400561850109,7.952246653005257,5.091210961467256,2.543569700128665,5,6,1.793778810106369,76.56005234097981,5,7.144545680157805,1,3.546528112335981,Medium
3.229578905510417,6.989174298718834,0.4090830515368058,8.382732207176575,5,6,3.155585139461174,54.943667133132564,2,7.306828006957444,1,3.144589988032613,Medium
4.2037541078613545,7.332181305625787,2.060857762669775,7.8252116355716765,1,6,3.574492190386443,90.60897936463758,10,7.540034223323913,1,8.87609851616305,Medium
7.820614994179322,8.315210669633583,0.4761976027821735,9.16478505918996,3,10,2.149223348715777,93.30115953403123,7,9.483424304362723,0,8.811680020139423,High
1.1295413976678028,5.370728447987792,4.830363623595102,2.8686910665580885,2,7,1.5322116827512149,58.60843442763245,8,8.489720370768019,1,6.678734003830524,Low
2.0446537645622462,9.978003496340452,5.492719307940854,3.1447271989031815,3,10,4.811064550579723,92.52558259885333,9,6.610513483243428,0,5.256828832336622,Medium
1.4140237781957747,9.848758972880699,0.9159011045272409,10.794504689412614,5,6,4.822441125119271,93.8923655508282,7,6.991438917314264,1,7.049030140889191,High
1.3665592208707311,7.901954118081621,3.070711064359836,9.249755782972779,4,1,1.4471818401501095,77.4714306144258,10,2.9236623585500974,0,6.4650650526855165,Low
8.699145256099065,5.197254705574871,3.649892071644336,10.990513375703552,2,3,2.3981254837222905,82.80895181113435,10,6.915869426406452,1,4.741608234910486,Medium
7.332920734420213,8.081369454587747,2.9524241740873327,9.345868532803127,1,2,4.864220793300112,69.11186600072458,8,4.822111111766127,1,4.416677807370709,Medium
5.267564461785927,4.433190453875055,0.9682000038815444,7.56870836589332,2,6,0.02434203827751613,64.0895823754633,9,2.3766568354516937,0,4.445148773308151,Low
1.8805074458590134,4.183915013234836,3.3515823214998033,8.19546010730661,1,8,2.0633912418957463,86.09915734758223,6,8.257625373219168,0,6.302200628404345,Low
5.4245428760514915,5.546097331067282,6.009424382467345,10.78040716334011,2,3,0.5022877484048421,93.0937574507904,10,5.592223898228311,1,6.829024205087433,Low
5.261245937025091,6.775737740435898,0.5680613162660437,7.366874299631346,1,10,2.545789827813013,82.70387764778738,2,9.796825375204794,0,5.065675781638978,High
2.5588168291901368,9.209635032450283,0.6414401126552276,7.9563045676122615,1,8,0.12334977270243574,75.57953053232745,2,3.5351141902707246,1,9.718223051917388,High
4.904664843141758,8.363014418597848,2.8381703346878737,2.7212438760396065,2,8,2.0344921569531396,57.94623834220858,4,5.326031010745691,1,1.7546114620403293,Medium
4.586542609576361,8.456239127199886,7.5338056929514,6.21313342127713,2,5,1.1034953739266755,52.67293563024091,9,5.031959092019814,0,4.123423233583993,Low
6.542650882469948,6.552960006688452,5.348581173783312,8.880368231539089,1,8,2.666541812293704,72.28458951233732,7,2.0870157018932085,1,4.771672148128968,Medium
6.715842857808794,6.075609955281777,5.429359653380518,3.9803696814800196,5,6,4.979968245503498,52.46747818487106,2,4.835037509477015,1,1.152292091184488,Medium
1.4077360879484007,6.226232577907616,2.8953599267029198,3.2247959857698842,2,5,4.002680525633738,78.46673159536125,8,3.587981107788324,0,4.284614689014027,Low
4.371513531638241,9.925897382416347,4.749286329668307,4.452094890468571,3,9,4.228210458122107,69.13645956588857,7,2.4428842423024095,1,3.463389254555583,Medium
6.632739241428127,4.240655148474895,0.08104947222194703,3.656506907921168,4,7,3.1763249367954045,87.85945598409847,9,3.5394002563252536,1,5.554326432047327,High
5.528226327220789,9.202188976734691,5.088768371276338,3.364039007400354,1,8,0.2077992413612928,65.28242484180917,8,3.099265221397528,1,4.027694924649423,Medium
8.7084085706949,7.472052451434361,7.306295580609894,5.673359271548956,1,1,1.0339883802207206,79.6491350483716,3,7.606661779052902,1,7.5356392145181506,Medium
6.928242684570505,6.6316925151375425,4.9005877467585535,10.986223652718875,4,2,4.6253227822352745,76.88417608775502,1,1.2769766043324409,0,5.589392458668836,High
2.466409843732867,8.35154596249082,6.98958874773076,6.577656114125901,5,8,1.830565589643756,50.235621276112056,2,6.557164731218991,0,2.1678601014663794,Low
1.6351187266038685,6.920013648548217,5.7917844437287505,3.0671241889685534,4,9,0.5181836324039779,53.61946991321552,2,7.845952078212458,0,7.750551917299125,Low
6.78177350385684,9.240539428489964,0.964467331229522,1.8466883631896147,2,4,3.5120268293310097,64.51841062430103,4,5.326511108220759,1,1.8930600647440894,Medium
1.2386017948745964,9.40421118406755,7.219626458286734,8.657717596517177,4,10,1.4972886196712731,94.11175405103825,6,9.384084820071266,0,8.551442512714218,Medium
6.2719802314611695,6.5303255612407325,0.5315507548461991,5.210786408800266,1,10,1.3442845645208585,57.35074774498893,4,7.370926257128818,0,9.382799746775975,High
9.462072172824618,5.660966783410309,4.27173978038211,10.040140412438952,4,9,4.9898872777913015,85.54471652302709,9,7.731312861802755,0,3.9020076116636853,High
6.179267600882911,7.554101971560174,1.1370969903476613,8.254618455048472,3,4,4.290694625133272,98.66832830761436,4,2.7724013869678323,1,9.335283699366379,High
4.493529335858697,9.474180073700147,0.09365288584723253,9.758655955955053,2,10,2.039689091839205,89.52837763455776,6,7.995660182551662,0,8.137073432102845,High
6.789593965981179,5.263973134034,3.376274081021112,3.9914064336029362,4,10,4.901306039082495,62.1472680843522,6,8.488852624748034,0,9.30192049903393,High
5.12427601442365,7.737799501380897,2.36032566123325,8.61594814707164,1,10,3.250566117096068,95.41826302065408,10,4.251397495653906,1,6.996431232287629,High
5.910551103843415,7.789361320555123,3.888003950380824,3.9046818316309064,2,9,3.710112259398801,54.6553578254195,10,2.9202676122967413,1,3.120796354792797,Medium
9.473183278988726,8.398678134491686,4.617599093876406,11.329753273953207,1,7,0.15756521541105795,73.40709709353679,1,4.46545611283255,1,9.050709132198753,High
4.474923740206968,4.789406110763559,0.34991257847157886,8.000117096867118,5,2,0.6080262967402855,94.37709538632069,8,7.6564717210012345,1,2.6583856855366936,Low
9.650715074415228,8.29494978809253,0.9840263609899651,4.5696298019287624,3,9,3.165425632481192,82.06328546284348,3,4.758751052818324,1,2.9175449591578198,High
9.148155777604574,9.454195123993845,4.469139171603403,3.964630485214999,5,4,4.49511991324742,70.68222823638494,6,7.629866877023091,1,3.4395669112632734,High
2.762120213103668,5.078098653221452,2.745338825381266,3.1001924357880783,3,8,3.118718630437978,64.64064333685843,3,2.022080868797839,0,3.7382168033792618,Low
1.624251707876489,5.425259949543266,5.833387900395584,8.641050547831005,4,7,0.6701244715949589,68.75497026591749,2,8.25410539439636,0,5.630316779179275,Low
1.9070020123968399,9.828370564249838,5.218333188735517,3.4058717429772,2,7,0.5788002312316232,75.44708905046431,5,3.2788673347812165,1,7.421116243906397,Medium
1.1639964308639477,5.085861716256939,6.764834903919255,7.548335925202379,4,8,4.220929479120408,65.95219649364037,1,3.2403608894313436,1,9.335873569606154,Medium
1.8499866468033557,9.126310560217474,5.539942613353802,3.910985296178931,3,1,0.6965116935395715,98.44839310411498,9,6.3134286868347465,0,1.7959382860195219,Low
7.147060960747211,6.953667138688209,3.439448619121185,8.281658392732554,3,5,2.6011598025201272,96.65388265330725,7,1.631062411722907,1,9.589324260054124,High
1.6406978361420608,5.483386446419062,5.383732979155459,9.964337013945931,3,2,0.18556659981151136,93.53357341071603,3,1.236679540162017,1,9.291906703871321,Low
3.8707806726438516,9.224499407635069,2.203049394043348,9.558277674591185,1,2,0.40334883695588686,71.09149177613267,4,3.3492579876410433,0,1.4859936296293506,Low
8.60387779872509,6.671831530015993,2.4505079902257014,9.369364640238599,2,1,3.361741338214324,84.56508846676144,6,5.842607956613405,1,4.242890239224065,Medium
1.209447421622433,7.088904123578141,6.311881279366347,3.0649464626147727,4,5,3.445907052137583,95.14146535179823,3,9.168547476027046,1,8.318290512694027,Medium
8.330216343300421,6.155400216398594,3.5713561312126574,1.9722344168297057,4,2,1.707347033042212,92.5214743839464,7,8.617916586765762,0,6.50418890931461,High
3.5366929729605996,7.557705108609564,6.38704272414682,8.688437113361243,5,4,1.0780488262152237,70.71635070101038,6,5.414018139288779,0,8.011845490435935,Low
2.0634834485949063,4.981143235510137,6.579378989346227,5.051819351737865,3,3,4.06855135378654,55.619302466113034,9,1.333467943241435,0,7.471300049108987,Low
7.270634488277356,6.3464892199105645,6.86049870129027,5.75580849043682,3,3,1.085516147349452,53.78151819172747,5,5.817274611663782,0,5.470931018144472,Low
6.660485621018956,9.816473934011725,7.3330818867296585,1.3426400207273017,3,2,2.7101353483318986,78.85320226128513,4,7.34316039932766,0,1.3709624135652958,Medium
8.897248121743477,5.548800596206766,3.44788176410637,3.855340942025541,4,6,4.841044204314527,82.13139676054658,3,4.052480792725303,1,6.258413818580509,High
7.615639394234972,7.940419987247753,2.5509345465691107,1.3704404426191044,5,2,0.7392621893119189,92.4921302298512,10,1.9995697295348922,1,1.4370998775336639,Medium
8.231328373463636,5.951140385348169,4.657589972752911,10.671043498613724,1,8,4.704381337473544,64.62575101705156,1,3.507111578850935,1,6.433540457816178,High
3.538311153141758,8.640838754119603,2.9693793875010206,3.6773635154038353,2,8,0.9144652653433433,58.37352452750213,3,7.944299780210326,1,8.203697762443104,Medium
2.5969558940175053,4.785241964310099,4.808593334401864,7.130708865303088,1,5,2.837216040116148,68.95029165890998,3,4.1611944905499545,1,6.264925738317268,Low
7.755532764767725,9.818926270471268,5.644686901150597,1.4287725272724345,4,10,1.8850385597937231,67.67875618161375,7,8.307833416171391,0,9.973196241055273,High
8.261512653405376,6.7227372483018355,5.507240147937095,8.335321304362239,3,7,4.824643007509129,56.62344770089274,7,3.8756930662672824,1,5.102798501623898,High
9.91454627800606,5.416302780078784,2.996423096160971,4.553300803295032,2,4,1.3677101450096845,83.6141326256576,1,2.471995345724363,1,7.739447172435887,High
4.713559092202838,4.440980483980076,1.3348816135900226,10.877111056534323,4,1,1.9982900104287682,75.4345970364688,3,4.922635235622474,1,7.004919625677167,Medium
4.348162772135049,5.018547430525245,3.4442347076976603,10.769300078274394,4,2,4.914300589277103,86.05613780573832,8,5.070470610602251,1,9.922885224022792,Medium
7.987716646677971,7.118643691336106,1.1407531526552699,4.578196801979225,4,10,2.682351955942366,67.63455600848673,9,1.1449739669440326,1,7.418971045693946,High
4.06723186227716,6.022019058587718,7.120776281470467,10.910569852595147,2,10,2.5131505781062673,66.28511057888511,7,2.0534056543569355,0,2.4762765831345046,Low
9.376815930432082,8.973300195295657,2.7670196859028593,11.957734408486568,2,4,1.2888924410199565,73.62879265219279,7,2.664334168955357,1,9.599659357755169,High
8.725714766587107,6.585325141970836,1.2356779777865903,10.07957230536343,5,1,3.506817801552207,93.87036726975735,8,2.022285856408074,1,7.009995038011851,High
4.860946246375165,5.492285635525779,0.20358207924600702,10.29358482530752,5,8,0.07186475888888821,52.01406533669902,6,4.073734678792274,1,1.534044077257509,Low
7.757839610123476,7.70286991962418,5.166579090291874,3.739096097199989,1,9,0.24756314851146766,90.24164086482361,3,9.681605700553161,1,6.918114752061512,High
7.7908858667621415,8.240663301312676,5.095218539637946,7.34372638743532,2,4,2.9967929356790135,68.44938063288782,1,5.583002844943702,1,8.948074660072976,High
1.9281148195233935,5.002251447405699,2.7248333326503333,1.7398150536410464,2,10,1.7083728690922706,92.73095128942388,7,6.648004214835818,1,6.193376757910226,Medium
9.1229761601161,5.005715297729906,0.573695110781208,2.044097305038367,2,3,4.766581861004803,90.11015044179283,1,4.207478306707253,0,4.186176742288101,High
5.547271352030714,4.220028561601258,3.277031159161856,11.987818732366197,5,2,4.515953453613928,67.43806236980441,1,3.9113898547883146,1,8.388186706635544,High
8.438117194969674,8.418412090393844,2.4897399605071486,4.59303174368502,4,5,3.5685312933835363,84.6938267660808,9,1.2083209472350753,0,8.042608073852465,High
3.880446409275506,7.98282716573083,5.416965117880075,9.23002303253731,3,3,4.090727905639007,57.98163783867201,10,5.503002901084201,0,5.897639388081707,Low
9.059709056465804,6.847785254498883,4.846233995621523,9.873315583294982,5,10,3.3366592483384667,94.8140776081894,7,5.352481060764997,1,2.3892559290631032,High
4.502815108607468,9.065022693815184,2.91674982558032,10.438255981079521,2,7,0.6279105135508034,70.22455322259547,4,2.4204765356301072,1,3.2588783697086323,Medium
1.0975388633226852,8.834020917700318,1.7431404340399208,11.973911271423722,5,6,3.8277168484460136,72.78128076776001,6,7.878916001860333,1,7.646355749674951,Medium
9.148437787773373,7.512126186380513,7.904287729244735,3.6564613378255464,1,1,1.050959843594232,85.28795255184924,1,5.434068972799026,0,8.254739488554348,High
1.821580091075202,9.209627683079551,3.632012969568919,1.4438590954566968,2,8,1.617214275500984,91.04201183524255,7,4.05094573145416,1,3.513387502368908,Low
3.873822738313734,5.235047260220609,5.506193886241896,5.523106697940445,1,2,4.096171060512101,61.817137166410475,6,2.3221801812063427,1,4.31186569468108,Low
9.550557703457244,4.671517716386367,1.1244237406268862,2.4308873681184164,2,5,2.682628041967241,83.06750699384978,4,5.969447442739112,1,1.6986869672481562,High
9.555464322438006,5.618497669101938,3.8847175972751824,1.2466847807826062,5,9,4.299703570917046,69.59990219445743,7,7.7753532347992875,0,7.421157535298498,High
6.160940993109575,4.342521136535889,0.2202937589557239,4.964695098556347,4,8,1.065176599216321,68.43514620019806,3,3.537994174164745,0,1.032197901400282,Medium
6.686534909528193,7.187017168006192,4.0436409432836,9.621120761827601,3,2,3.038892193034436,84.50129119703274,1,2.969149164190503,1,1.4188736909716126,Medium
5.036009697804878,9.61963415376977,7.712139256941619,7.227987603475779,1,9,0.4189548627413081,69.35916370779671,4,5.697414676581193,0,1.0390966100568093,Low
3.638896945282581,4.236061244011058,3.073653703886402,4.440557881313895,5,5,3.215304967700148,67.30542500822038,3,2.3980897225901523,1,6.807876250038551,Medium
3.957980908329244,4.732659484060161,0.3119681005992927,8.197762060419917,4,10,3.8126701888776737,91.79442040631213,1,6.999520479348565,0,4.756484149304919,High
7.052666104693346,6.7131941697006114,0.24764632735474823,3.552199983396918,5,6,2.9246544698936083,55.06380619155032,2,6.448092651498074,1,3.677920852089972,High
7.77137076493912,9.60325010516743,3.103894079574956,1.1581959067929353,1,3,1.3311575074940514,83.79463114151054,5,1.7837384463228576,0,9.214309093213993,High
8.124211393532637,5.8969366298605035,1.2801994917055524,9.407887250800702,3,3,0.1567133442943336,62.43626968953123,8,1.3286834144323647,1,2.73522515208946,Medium
8.106563285150985,7.043408852130355,0.1868167706254873,7.8611739335041,5,10,0.5972444198214288,50.77491209130952,1,6.582597873297264,1,4.504312093432605,High
1.8208549274382133,4.249437154302353,6.049708911601415,9.385328869510559,2,8,3.111514895370131,58.3382134436346,4,3.648643965898667,0,9.462806208349765,Low
5.449782742323233,4.890059205772533,3.6681840710551255,1.4283181835643217,4,10,4.672101084212569,80.33307648879338,4,1.778011778560587,0,4.843959065533381,High
1.5180288401497986,9.919780737753081,2.313958175781236,10.208315906137175,5,10,1.032672019860032,85.45635957429687,5,7.834858344608379,0,5.99224317082352,Medium
5.94575994091362,9.790712178616273,7.200665464131846,7.814788200399336,4,2,3.675130745525494,51.052889177816,7,3.826396027158797,0,1.7230317991253883,Low
4.973774512360393,4.029639885606458,0.9291116816042049,7.197348857839041,2,2,4.332255316245208,51.82127216508601,8,5.136395946744012,0,8.11149748204116,Low
8.989337644824698,9.710870712539434,7.647350631642554,7.870754529259847,3,5,2.6044108922375555,95.12710574214765,6,3.1313163470839234,1,4.8048289937941435,High
4.158235112968708,7.834719626893002,2.5117337390188226,10.508765715552006,3,6,3.346328979218289,53.66529090568599,1,6.645853705221681,1,8.20463612138635,High
2.053603147848453,9.207509767120133,7.10722937846945,7.456301572147978,2,2,4.07507658338074,94.70910793082857,7,3.713395738189235,0,3.284178783003929,Low
2.2869251384755227,6.728439133803155,4.823543011835692,7.390454178769972,4,5,1.3033757887029678,61.40829568754529,3,9.712188651048656,1,4.802308755052691,Low
7.85359568545725,7.093576171475501,6.6136588779319,11.897470727723423,5,7,1.4844783713402148,87.00089000791064,6,7.326527937552159,1,8.078940427285094,High
6.56396256984635,6.933079481541521,7.872105305683714,9.324031837754248,2,10,0.003137583142280853,65.4866624473006,8,2.230500487361192,0,9.764899903392758,Medium
1.9101040851051123,8.001185545276627,2.307243502549966,5.865231859962488,1,10,4.815470654489013,92.93760128045919,7,4.7502535570612014,1,1.5366297194854197,Medium
1.756961255034977,4.837907528537878,7.689083883260744,8.781367000362206,4,8,4.587724472981724,85.02274327121789,10,4.468789897568907,1,8.312105596770138,Low
7.30872218313208,4.179841539236068,3.115855159219363,5.2815351886096735,3,7,3.8228413187971517,70.09067293008476,6,5.808223996483448,0,3.706201608643992,Medium
1.6548670572777417,5.8475796495471455,3.0840952378953785,3.517630087318489,2,8,0.3953801048832406,53.815122708703974,9,8.57737607031328,0,5.956689528019649,Low
8.396740533613206,8.22808457641988,2.7230968340360455,7.565370645765354,3,9,2.2375144484975404,86.63500919354036,9,6.250798136647016,1,3.6108303845567313,High
7.3561800444084655,5.21112071273769,4.331260858780682,11.210003079253466,4,5,0.5094587698577641,80.84423779825907,1,1.5540100983999934,0,6.521009253111912,High
1.7321390257770979,8.040594599949504,1.2331603454278968,11.22053472017009,3,5,0.07960133631399302,50.145585891689436,1,6.8987412712256955,1,4.18422547579578,Low
1.7635394267667273,9.819472276643623,4.429691882864089,4.7609580591603935,2,10,3.0809148260629864,50.47099279862227,1,1.0743876815127256,0,4.002534018799134,Medium
9.87975620651058,4.56340429473651,4.333638499280032,6.804452128438645,4,4,4.804147085400942,90.4396486596347,8,8.019644144863538,0,1.3414448164234196,Medium
4.368437161805083,8.035612709350758,6.09521450083896,3.327994884268473,1,9,4.51434011716075,62.969986940092696,10,6.999724651701178,0,2.3226436531343038,Low
4.335779323602019,6.662501315827427,6.6691996955006845,11.951942204487718,2,5,3.483774074677022,81.80668338640328,7,3.779070925173274,0,9.25370378978931,Medium
8.315196105317522,9.208853526265031,3.5235308024993923,11.792296986547292,5,2,0.4832029208243571,72.71072098826238,3,3.6319762413056416,1,9.984496859859217,High
9.525237196454729,5.062898736684316,2.41866599481195,8.14459822678192,2,10,1.3708201883615008,93.17150072608837,2,8.18445696891675,0,8.024685182826458,High
9.874009574405838,8.155755713356987,2.0746791785367558,9.848554656452206,4,8,1.6002836344264548,95.84805565512443,4,8.050030227321585,0,3.581313622961381,High
7.780403667330475,9.02869173788866,1.5569906936389755,8.8661017741207,2,7,3.815750288727806,99.8403856339427,3,4.170721189390839,1,4.622006245992333,High
4.386336269778242,9.667685316844139,0.46118065759219906,7.52474040943415,1,8,4.01124589617557,57.68420679036234,7,3.690529552718023,1,7.655531094154744,High
1.7515064502880189,8.099488169737874,2.7395838306777067,1.5868279668778746,1,3,1.925530614949602,93.14820232377377,10,6.03842309994511,1,9.716622011948783,Low
7.994322243346931,6.983048584050564,2.161981537046266,6.002407768079272,5,4,2.089419983088048,63.30106883644009,8,1.0752909398572976,1,5.0992405365643085,Medium
6.025638247622245,7.707083441207283,7.731339086931259,8.422649323841515,3,5,0.22254519638085668,79.54079374477539,6,1.7440033418788805,0,8.465701737595372,Medium
4.817998083222786,9.21342990687231,4.461670610000351,8.452847752720531,4,6,1.445683592093805,75.28864169346055,3,2.135526311338631,1,9.775620303388452,High
9.157189465852625,7.423658479832978,2.7782163122440604,5.10434880264622,4,1,2.2564258858882,50.899406578619384,6,2.6687063604445678,0,8.861258539504039,High
2.000777340755362,4.182322358181021,4.643740807949568,11.358611853238337,3,4,0.5849152319262879,96.63856399530474,2,5.608163140079222,1,3.0443477209419423,Low
5.433625938617732,9.585692173041867,1.113573610765564,2.840927354604591,1,10,2.2663373037751064,53.91635275746092,7,9.930177233750099,0,1.0722867748806064,Medium
1.1021828029067717,8.137160506189367,3.5523499936176233,6.503953908371167,1,5,4.265879061289002,84.41094597038679,10,6.873520615726181,1,5.428735348495736,Low
5.217945777947136,8.059080314663479,5.009874571368511,8.599723742059052,2,7,2.906605098625267,89.2503418104131,7,1.5516891500430123,0,5.782247485257401,Medium
1.5067294811365362,5.294050914386303,3.911182654339611,8.668493864809902,5,5,0.3946492751920616,89.76439245238421,4,5.730214366560176,0,2.8112532809605266,Low
2.0693612464126474,7.953312821395944,3.214230405234594,8.13502852445697,5,1,0.9583565941513716,56.77472594644224,8,5.46980691150554,1,3.5620695275213587,Low
2.057736220993944,6.363186433924951,7.950787111197585,4.028170347970462,5,7,2.372721750792781,72.3784975253986,4,2.2975103423624454,0,7.886378447636922,Low
6.842892719044572,7.907397862248953,7.042518097191416,2.718272255552842,2,8,1.8074357491090605,91.471443521699,7,9.28245131922167,0,5.233125328418204,Medium
7.71440391338881,4.639558181847944,4.987247665275521,7.99534359509382,5,7,1.7936350977304938,65.13396051893773,4,4.966887229078321,0,3.8561867524023095,Medium
6.250318885874437,7.947071827618216,4.555018889458262,7.592323277533815,3,4,2.646337240717951,73.38743376873317,5,9.951032265487658,0,6.603634246257275,Medium
9.659552936270877,9.996482354624,4.965283838596672,2.972916113181651,2,8,2.921979607947287,63.63969463499229,7,4.7806506572694785,1,6.8748378037851285,High
4.373835215713337,4.289272233163336,1.610496862579466,8.756530601276197,3,5,3.9843078513809553,73.17757089426621,10,6.471619324152483,0,7.92456199156722,Low
3.571408776536747,9.863045105327904,3.161101946114549,6.00689190907022,2,10,1.7048328173124232,94.39189612964401,3,1.9428628280629607,0,2.4103836618662724,High
8.817392153705143,6.441447764337224,0.31567626312719455,8.345366507634683,5,9,4.027331415202934,72.75621155163847,10,5.088050414261823,1,7.673655270942913,High
3.0123625466750736,9.224520702023554,3.8043682998946133,10.211037877471657,3,10,1.6930561455631628,77.79560085371602,5,3.14889304603576,1,6.394855528993767,High
9.669002854965502,8.69431290434964,4.344196671661305,2.8670127143461546,3,5,0.27716494470616915,70.19881416515418,3,8.520083187141115,1,1.5181467877251742,High
1.109390272208347,7.402097565920007,1.8219978888256767,1.2105935479652035,3,1,2.770938255023956,73.00585916016627,5,8.055276263807858,0,7.9970106542807,Low
9.728909440368751,8.43069525550796,7.71223077732411,9.570128450353655,2,9,2.939511624474073,50.758709952321084,3,8.417619996628225,0,4.447722531998665,High
1.388439207555185,9.271093367808088,7.275636887497936,7.706671676678775,4,5,4.6727012281093,64.1872754980228,10,7.5124849398215625,1,3.973428408966738,Low
9.02028802328264,6.424841929906198,5.777145883647247,8.696035265843339,5,6,3.630306630312372,71.82908608709121,7,8.494149012580461,0,5.032676364234709,High
5.749309981776698,5.962198969379433,4.267093030122901,10.219704724875069,3,4,4.588863262472198,81.68984879963645,1,2.8074587515742877,1,4.115575695755162,Medium
9.936683165073703,8.005560313381508,6.95975327718148,9.830920283069506,4,6,4.5417360512150475,72.5025965276946,9,5.068393989218215,0,4.044570329889181,High
1.6641690826185898,8.84707565164755,1.0452187505877033,11.57012161621707,5,8,3.0228705512912106,66.8908521660782,9,7.226621919513714,1,8.27269900930563,Medium
5.984688559611887,8.573710808659694,6.32407835419908,6.895285867373301,5,3,2.6388103266822376,69.40493676720786,5,6.736532481416214,0,2.1205472892912303,Low
9.72372282057189,8.786881893151808,0.9985665117347864,6.373451959258959,3,5,2.7872048358179997,62.11466646002333,9,7.447190345866783,1,9.735400610717127,High
5.707880597531339,6.613499888877598,6.353685300395243,5.420759198798031,3,2,4.891654038386239,96.22471413870264,10,3.018325448361085,0,5.994384799369089,Low
6.664587743217362,8.90700529705013,2.2061405460108556,2.69060147128625,2,2,3.8658384587347943,76.08716128954573,6,1.8859123814049077,1,2.646315985791816,Medium
7.261738200861554,4.72125433222365,7.0167246481455114,7.298679561702246,4,7,0.5313295239619792,50.67047269360616,5,9.251259202672987,0,2.1809393463851787,Low
5.090869582909959,7.266934587765097,7.552336750603183,4.047137767585767,4,10,3.8921420339069996,50.97231292097733,3,6.041547060106226,0,6.323585789214843,Medium
6.648022720756571,4.034551962988729,1.190367755240925,11.13438263434273,3,10,0.8526902444911294,98.64808174760208,8,2.3844333205666985,0,6.696994994622352,High
6.258828807307902,5.947514979401622,3.701404840523148,7.415098847048073,5,10,2.236752745028128,61.07254456866225,4,8.140929236986253,1,1.4772319392682969,Medium
9.110422094418901,6.198769209228387,7.847899025301481,7.521241985589212,3,6,1.0522983608826713,90.28041444071573,10,9.234369429663543,0,3.187017227159072,Medium
1.409017423073121,6.377036149655533,3.867259487785173,4.90417126964711,5,4,3.447915327666149,52.913765078028725,3,2.5260716671399814,0,8.159157290993207,Low
3.528668706330073,8.172803240139173,6.908380180116361,1.5718828717547824,5,5,4.386548680965178,96.05813683472746,6,8.356712097421994,0,1.4466216496917295,Low
9.553703356689029,6.331348607622075,4.709852177050559,1.3491814191028748,3,1,1.4518094268334047,93.72085018333392,8,9.399025551872155,1,8.695797975154324,High
9.012374055018247,6.6921617357351835,3.002639263356815,5.656686585685173,1,7,0.41005370604093816,78.55465812172574,9,9.445254402664157,0,6.923462288737002,High
5.100910775071417,5.425264785245965,2.2862684442069616,1.9302191590696163,4,8,1.4924654903748165,50.44993286416279,6,9.22740815488151,1,4.909809334268843,Medium
6.581193380213831,6.2395107497760405,1.6257847286886982,7.6753165109415304,5,9,3.3618092896609717,62.89054370116688,5,5.917789111240925,0,4.117895640738243,High
3.496430646830194,5.363617763578909,6.094385531021578,10.690703062036231,5,8,1.6438006377722498,70.34113236992324,2,4.205901855284823,1,1.1732406746400457,Low
2.6930904375138516,4.439175542610662,3.092324054584223,10.712062981705945,1,5,1.390560837769017,73.00320583737809,2,1.0654552692460837,1,8.426934511766587,Low
5.173285644459839,7.620691560288267,4.090203697606009,8.249499511454555,2,3,0.9221759529213247,64.8839379281186,9,1.5482100418437437,0,2.2844966857168427,Low
4.180170052234475,8.009276791330098,3.9386038400094554,3.323550146202241,1,10,2.487582134372168,51.6473934122765,2,4.859551137676516,1,3.7858779267587925,Medium
6.252905006657849,7.716942076057687,4.61823223386505,10.492965144947593,1,9,1.3797441407859379,79.5063702963271,2,4.593935317523593,1,6.1219628232652346,High
1.6996117326848634,6.780964262803434,6.924617164996418,10.74702778844529,5,6,3.6550517456974156,76.2077333847378,3,2.662425186128949,0,3.213933400641288,Low
9.769553268995498,6.278714681075379,7.845914748667435,3.163189434482546,4,5,0.3831120099610136,64.15003177145388,3,4.559320252284912,1,5.474264173769812,High
9.875896700316426,9.180001897430952,3.2606736685905355,9.11168694347745,1,3,3.320165165556588,51.89879837848033,4,2.5718505890983128,1,8.28408545864832,High
7.2834554261777065,7.114490710817308,6.6201513768504245,4.151715038198352,2,6,1.1878000728388494,99.72970936109701,7,8.639121274982564,1,5.234841413112473,Medium
5.824867297097083,6.875091265778385,6.116222357237741,9.829043435882227,3,3,2.4463963052580158,74.09930934132029,9,3.6837539008803897,1,9.540796097076363,Medium
3.78574854657695,4.153852394838614,4.588231611644586,11.969616898939629,1,10,1.4304496101563031,87.80021208870386,2,6.38707915142479,0,8.627505583387075,Medium
8.324155177362538,6.047486965756939,7.648377148895465,1.330286058623321,1,6,3.613843380053978,72.61570175256678,4,5.5255875579917815,1,3.9973531182705475,Medium
7.162580552984913,6.281173712715143,1.6037961242272223,10.871024523700251,2,4,4.726535201258184,52.15851454314707,9,1.4669386983459298,1,4.59965912125544,Medium
2.463552454104022,6.392936685381403,0.8741136824769713,7.8489358695852385,4,2,4.585383897349066,65.480037254275,2,9.480103475420496,0,4.809940543202744,Low
9.198344660444583,7.4810342153639935,6.831695735643377,11.707208810813032,1,8,2.9171310757204556,66.00550705029505,10,5.74503380425435,0,6.635615076320632,Medium
8.402835186308522,7.2016152803612705,3.5131985330699864,6.115104692790704,1,4,2.313051516284892,91.9176452024508,1,3.925518790526338,1,3.5811615626968583,High
9.548199219627316,7.647430556760668,6.775750833656484,10.321267236285111,4,9,4.091502547196909,82.71149889999373,10,2.423139126697614,0,9.723242249402578,High
7.531475575495239,8.58929956925277,7.1447216415633195,1.6863347545810496,2,7,3.4166318131386495,63.77149518197364,8,4.046739712541521,0,6.478157985431508,Medium
6.520736763422109,8.87791443229656,0.4996607489525715,4.688069550861253,1,2,0.9178205710846643,98.3869977329543,9,1.1846044272105054,0,4.594614928670202,Medium
4.76418732661557,8.308738457358967,7.0677181038884855,1.7371819152633097,4,4,4.1045960680650015,66.07709161989357,7,4.27202339813468,0,6.805088339424106,Medium
9.39455635018612,9.733142175729608,3.5865524429553775,11.728774468269776,1,5,2.144421946973551,99.91170129143602,8,5.783373345740544,0,4.558645094767369,High
8.794575005503674,4.10939549605817,4.083459912033858,9.986712979990203,3,3,0.9449282998558756,99.80818465851317,4,8.846796212658504,0,8.36016112881477,High
1.4069680309557047,5.174667914101277,5.012740088745682,10.378021633705675,5,9,1.4089867519824621,59.56052588733709,4,7.186369759280178,0,6.1105686449654915,Low
1.2373027704752682,4.045377249868853,7.411060853840694,11.317617545772837,3,5,1.3376351512417117,65.63705580942,2,2.0042408181991727,0,1.3777345306546032,Low
4.388170301902447,7.884848284927618,0.15292875543811224,1.9361383473176388,1,2,2.5960348730173006,74.30220992423271,8,2.32971691994165,0,2.5908118068111468,Low
8.294979977036496,9.388183293699921,3.814747746542537,5.241573517646667,2,3,1.1718504533893777,83.20503355739456,2,4.853110310365372,1,8.784945757265811,High
9.8854851638345,5.460893779457796,5.501776339444485,1.7813837794840235,5,9,0.6178324370078808,76.40237245018997,9,2.7613697647490905,1,6.066098437211109,High
2.3537520199317536,9.56220726877784,5.781655661585828,3.318724117050315,3,7,0.6184542530688036,98.47207345661283,4,1.2506479982448018,1,9.553091288625145,High
6.347176438169216,4.361604341737365,5.540259452296864,3.523023547414396,4,2,2.916380985695483,86.19945821178457,1,8.245133921062632,1,1.6518008157461632,Medium
4.428017709679194,9.606616160833086,1.0754810352649748,6.160179321523366,2,9,3.673796444246893,60.60224246914872,4,1.175703136281947,1,3.6573456707737653,High
9.72922958033143,6.1097361234378065,2.39516470697345,3.9541838419900683,3,4,1.607665044191704,55.254877510681915,3,8.476206446782125,0,2.7418903591561534,Medium
8.579070308221379,4.608524970695299,2.8697242033361077,2.110759174995372,4,9,0.1732535490700854,84.42006453546784,6,2.2969356672966943,0,5.984562630058626,High
8.54495834240024,6.915230555117954,6.43549766143604,2.8424019800351847,1,2,0.6361244346850536,57.92262200903815,7,9.772105697264045,1,4.445135479719184,Low
5.218238438154732,5.540659406323048,2.230078979316424,2.6200311990730003,4,10,4.573472801685286,89.38384201678771,8,6.434865206435711,1,2.415461806687539,High
4.733375521038987,5.709237411771537,1.6856397109376253,11.70384477703528,3,4,2.467718297947265,65.55183336301685,2,7.614846744669059,0,6.784767225635922,Medium
3.4606636473763563,5.84373978955772,7.659584152304769,9.35221757610321,3,5,2.267864048075874,66.34466315278033,6,1.994352651712584,1,5.826685292174679,Low
1.507379469858344,8.818155386995981,0.0709062809077512,11.645376117965181,1,2,0.19024589155045457,50.5399196194756,6,8.75893666106332,0,3.4726262616667087,Low
8.782501386295479,7.234967660051527,7.982566845455826,5.837145351586994,4,10,3.6431851115844953,85.05056335475203,10,8.552731085843845,1,5.3179422200414,High
8.316109082170698,5.867846194936022,5.414570390859165,4.062053298289222,4,1,2.6403404046603947,55.66348765323429,5,6.8769345838754585,0,7.711644835370706,Medium
9.997459059575176,7.662002699865511,6.6277543955929366,9.781225169301054,1,7,1.010404680432604,88.6440288731759,10,5.520473781358486,1,2.847445070955927,Medium
9.969731533665149,8.296904045339161,2.3569551707695453,4.588793098452615,4,10,0.550368800905286,74.59339109586034,10,7.4934025581850525,0,3.6361517203155618,High
5.998885350423647,5.635744004401203,0.11452222133647982,4.293217110758832,1,1,1.9169393181599925,89.21399074772845,7,1.0533539380319032,1,4.114998883847036,Low
7.9208867366245945,6.481294609152109,5.90295614849224,3.557565914286143,2,8,4.185809820975129,79.19632695988706,3,6.3319667985861345,1,7.720537934809284,High
9.502891568941852,4.7313165600216855,6.673156776005406,2.426468760466589,3,3,4.326472796005122,54.12166360094954,4,8.62665521436313,0,8.622303395958163,Medium
8.646826516096702,5.086896097208082,5.923809055628153,3.8210936711844257,2,10,3.014231901978182,88.28261683525915,10,4.212098984572794,0,4.387496467974498,High
3.226132915688779,8.086707123789896,1.1428022984067088,4.9085172332127645,5,6,3.6376821361507132,53.48997424473749,9,1.9746042083462514,1,3.669587756505264,Low
5.054897217790842,5.088630086173762,6.027423378055753,8.413936289603035,5,7,0.5757789370143518,73.93508602846661,4,4.787895247688855,1,9.005020825165095,Medium
2.162434736363455,7.1509803020023615,6.151382256861128,1.6882132644139674,5,10,2.9406303273392744,58.61746070724816,3,7.543940041526562,0,9.994284389734108,Medium
9.586459245328502,8.254277570334596,5.268324125360439,3.3155763363187725,1,1,3.3348285174359087,87.61675889889425,2,1.9657108933360528,0,7.033182756956192,High
6.455571710057921,4.641261538568463,6.12892746236469,9.89926004320844,4,6,1.0035642145689612,95.57956139030634,5,2.8544370419160097,0,9.909825534902627,High
3.0577852495311646,7.403873317773421,6.767371517421857,2.6161411594214785,2,7,4.400773664551295,77.7063081679137,4,2.3279666214582995,1,6.93969650021719,Medium
7.045306159652711,5.539376702208182,4.908832913899667,4.769096611747737,2,6,0.9749836876050988,76.35736471495903,8,8.172529800177024,1,7.601142448070425,Medium
6.5631541641210625,9.777561251425478,0.7088377117574325,10.511248140439541,2,4,1.567386799232252,88.1981598162809,7,1.5660336020723815,0,4.497904013891623,Medium
4.223464462295564,6.901273880319549,3.901022477337687,2.7041784225778693,2,1,3.102784235117293,50.25394064878636,6,7.179278519029896,1,4.896707922991482,Low
2.022018329796661,8.835955298650948,0.6211946773728405,1.9101051918000889,5,9,3.191750325653654,95.88793213175803,2,4.298112286778722,1,2.2972209759045565,High
7.044158760335196,7.301359252937571,3.2603442482594467,6.329917945880119,2,4,3.4969237049368362,59.87244085455659,3,7.802121185967721,0,8.40475013288611,High
5.68276930813414,4.260475197128915,3.256851913005021,4.3266146240639,4,7,0.5600585653410284,99.20594419131186,10,9.67945076905634,1,9.379531277984801,High
7.950865525620754,7.798908253564134,0.5280787531219326,7.197492009322396,5,7,4.247322149642777,86.81269739802312,9,2.030907696278341,0,6.610943203247008,High
5.68147151000794,9.708420053239943,2.7905642717558345,9.841853795318226,2,2,2.664235661416299,88.71255738503356,9,3.829465369607126,0,4.092825776008587,Medium
8.669633502866862,7.609670920877987,0.8879847903305187,2.508633369680175,1,1,2.356608970525342,82.81014901868033,5,8.291128849469713,1,2.386146928369296,Medium
5.9671615489703695,8.915133156560742,6.465881680073777,7.387689930097135,3,8,4.905488122567548,73.58315913925802,3,3.3954254744605885,1,3.3864060673478344,High
6.0484417438184765,9.305238780090447,7.581504207715766,6.560596364288503,3,8,3.701891484705099,78.58138466805828,2,2.936085373414368,0,3.29869378766659,High
8.889882423925105,5.368478631693595,0.5785318020635088,2.584866646145195,3,7,0.5900301330968744,52.32014430075628,8,8.428401800820746,0,6.5217509574721575,Medium
4.631345795911574,5.27226903944936,7.640921658333611,7.863983340818806,5,8,3.7826958361312037,81.19797547160071,6,9.883741276053733,0,9.50533718827244,Medium
2.2061370560557667,7.66588593310595,4.180612794693961,4.010044596468488,2,3,0.47624466986434744,81.30490509935234,10,6.011925311331692,1,1.4344469826218331,Low
1.2590440868200508,6.4661708188402285,2.396525423630991,6.3661775039841375,5,2,0.13735281256492426,94.56003987009046,7,3.5024387350000534,0,1.009200696350032,Low
7.796235301062571,9.039167817200322,0.6148966022093081,1.9049955670476808,4,7,2.0181294763494857,75.28281787151097,1,4.587093654400485,0,6.40163749882893,High
6.582785962181182,9.400138740388067,4.004994144563343,6.0554246293498535,1,8,4.967890864096093,53.85721870430305,1,2.531172946452481,0,3.556544158717437,High
7.336717912893012,6.120528275816309,6.3561243559259895,4.371098148471024,1,1,0.8744196809743132,65.30979602410406,10,7.856985510016772,0,8.924935081050613,Low
2.9166774535801965,5.421223353846893,5.656691818133585,10.046193323038898,3,10,3.3632217176339503,82.78147060571587,2,7.961266160404911,1,3.945252771152353,Medium
2.2273432802809277,8.683153091463172,0.4018080917117901,1.626765996971051,3,9,0.8669803310305968,61.96294313757319,10,8.87608893144245,1,3.607638404760004,Low
1.1309019910109375,5.648836213288817,0.5832146829432281,5.604680024101629,3,4,3.62393487479193,64.02639109277004,3,1.239423072369075,0,3.4255955909646754,Low
4.155288029259372,8.935685911082071,3.222986261061097,6.042745665445818,2,4,2.526768341189131,91.02345081804268,1,6.057832074637413,1,2.303675445414197,Medium
6.309259181691698,6.542429521892577,2.362323952383546,8.975066839290307,4,3,3.3998585504468815,79.21598658813545,5,2.9282989090886593,1,6.233774268493995,High
4.530196405897591,8.005299395748823,1.8590745844483827,7.317163325992321,4,6,1.014365879571173,75.42637158867862,3,4.067947139431213,1,2.51392242100789,Medium
4.937274298213562,4.573211883008009,2.2480359912697088,8.339335709135991,4,1,3.7281416626025097,65.92259834029022,1,8.064600537578567,0,4.821680438112618,Low
9.137428250443735,7.743155948059438,6.427861946375077,9.547542142169318,4,6,4.978095298113534,86.54640179665166,8,2.7283028712534656,1,5.1487484703008395,High
4.134299203209704,6.710606072423374,7.433824429054831,10.484232710240077,3,2,3.3282525031297987,64.38592172450147,6,6.745075755229807,1,1.18442842190177,Low
5.625905402438297,7.519650779052845,3.2408215562205314,4.452630463947175,1,9,2.467399990364388,86.85317588220876,9,6.891095721012383,0,1.1512655183902825,Medium
8.052877114670288,5.0080852464691805,7.2488880170599765,6.918249759002933,3,2,4.615869943096324,53.5050740133721,3,9.586845234120705,0,5.681914198811463,Medium
4.568885040891431,8.421242469665092,2.5719656099830557,10.241188862831198,4,7,0.0792592111593815,93.22706707910419,9,7.976448356760433,1,7.2643125900621905,High
6.598780302050861,9.176782465259372,3.811495890750333,11.88396244061562,3,1,3.6496175964291053,74.97832316879663,9,8.23271632438324,1,9.479282340523643,Medium
8.761273378720706,5.300438800544654,1.8082319825279978,10.784712421481395,4,7,4.443732584069064,71.9254008349485,1,5.784406741161041,0,2.6120735574125957,High
9.54568561291878,4.574287333120971,5.123808337406752,5.086139888868145,5,5,0.3083729181047873,80.55117057709623,3,2.6810272644613358,0,1.929329284924743,Medium
2.323661328361341,4.141831516278018,7.831848921398471,3.1468316894051545,1,8,2.250320852078791,81.20960364481353,6,4.830070291465164,0,1.4687911623443584,Low
9.339288626453449,7.851829002659596,4.827944768347029,6.383317911472476,5,4,1.0235972697499944,56.60175884449978,8,5.945406161606384,0,4.924374246216552,Medium
5.429046637715844,7.642564216532684,2.862512672908391,9.158055970196465,2,10,2.8325908279391503,87.81167949081066,4,7.1057732654234105,1,6.608326306023612,High
3.324199494690625,7.28018447628442,5.182539567924227,6.418259778286274,3,7,3.247714793018303,63.79641489750315,5,6.469382006487345,0,8.564980210761377,Medium
5.132221806144352,5.391682576695852,0.9833654277231005,6.3149894964503535,2,6,1.513115914643775,95.2480940084957,9,4.545800460255192,1,7.143803940638183,Medium
9.820293177569294,6.345435975433088,7.109272642123189,10.220534631899806,3,5,2.2999083483905043,90.89253317074161,6,3.387817962962573,1,2.875247101673716,High
5.4335628459358265,7.566858011117038,4.024671606238691,4.97544156973905,5,4,1.3966974263827976,67.31330207673743,7,2.514077588833148,1,5.155933297566511,Medium
3.958764492587574,6.980601153155016,3.5947979363171365,10.457741422928102,4,7,1.8469558222755689,90.38696466003572,7,7.244608476450397,0,9.193117116777898,Medium
6.700607688850532,9.926713121289325,4.6869183076281535,5.474852810468959,4,5,0.7976997834421179,67.81952496499521,4,6.808588068812365,0,3.940669562296341,Medium
3.1613105690037377,4.818638515340399,4.99827090231522,4.610564162461733,3,5,4.427797217928157,55.04738408180203,4,7.1863521918202595,1,5.488573285827384,Low
1.6827699529779752,8.170867324285563,0.5742064498121042,5.993889023196689,4,1,0.050052052795682145,98.0944119362854,4,4.352747075225154,1,9.627088011793271,Medium
2.159917497195843,6.425912608625753,5.460937769787219,9.386916545423553,5,2,4.412045932218943,82.630100760772,5,3.361670403136705,1,7.612372050163279,Low
2.152412550619952,6.569197689553689,1.9354534425242367,2.386022306503937,4,5,2.8583943917486927,72.80497633312959,5,7.837491958128328,1,7.729663470775228,Medium
2.3671242416106493,8.305586593949057,5.711621060052718,3.1606113745921913,5,3,1.6582892208850875,69.88866757655198,8,7.962826555498006,1,3.2710060397190484,Low
2.2494445538446914,8.154616907946217,6.580278355073574,11.465893082294011,2,2,3.615285627301649,66.2352667129132,9,5.100547365701566,0,4.732283064746153,Low
6.767872703228932,9.94753596221313,6.431668060420162,2.930407901194931,5,4,2.5387607593133215,99.07237977145647,2,6.507136762905917,0,1.7410794678704953,High
2.6369207595923037,4.770365736724751,4.420007739263113,7.2450004972416,1,4,2.4955432905380324,56.73736325654537,7,4.36167697808567,0,6.4587328034548035,Low
4.111005549914768,4.624657896304998,4.161359138486009,7.372459133281317,1,4,0.5507114145948322,65.74025294602842,1,7.31752480107826,1,1.9335714808824476,Low
9.071095689154106,8.346032902772446,1.1430076907152937,6.385869082552693,1,4,1.9475801297270434,74.27488201413317,1,8.52149436983084,1,8.523186239853594,High
5.265654762365851,7.470321502038455,6.202769203225085,8.092197734345005,3,3,1.2053217292836833,73.89997725271557,4,7.194099496020845,0,8.33098408317997,Medium
7.008019646689244,5.644963999358835,2.171275043573715,3.5280939837738026,3,7,0.07847952798139823,73.56832422039217,10,5.613243641624228,0,5.8024459101007855,Medium
2.5508788408146685,4.47651621393392,3.9735633825435723,7.07928494554423,3,9,1.8004981539105662,58.78919079151909,7,5.127921635431333,1,2.2704942987732672,Low
2.730601169278037,4.513949497578583,2.2741927434201337,5.093905807715869,5,5,0.44911064712802373,57.24662635547503,2,6.780876858781698,0,1.2302108487565135,Low
1.3678175463983098,9.36514524798471,1.0706269039975451,8.278339855921079,3,4,1.284150188625926,62.73837931643101,2,7.118298024411972,0,8.170378007883151,Medium
2.520415567649481,5.151203948312458,5.036461575133893,2.5534589771046443,2,2,0.46258310591547225,95.7263076901028,1,6.0285649917208515,0,6.401264348920842,Low
3.5073130512876274,5.940229372693125,0.43465627858323064,7.279651585234238,1,2,0.5047081277819943,55.652648391725506,10,6.624480475966555,1,7.39836673073095,Low
2.5930943584907213,5.359938413361928,5.9891618730096,3.0379739092165607,5,5,0.9950564720759414,87.87125516866624,2,1.86929814245079,1,3.734264131627308,Low
1.7983228038135004,6.129977834991624,2.5406943620889333,4.065073694265401,1,7,4.999246222432001,87.87741965666856,7,9.56588964528094,0,5.58534464059523,Low
2.085722839905407,4.41654305647656,0.0010775440358825605,3.4058078035594157,3,10,0.01092071428624386,90.48852019486311,9,8.116957573588307,1,7.724567534856853,Medium
5.147008912294532,7.114358745449622,4.089033113897838,3.011215578556988,5,10,3.1933631806020264,94.33077444946778,6,4.365350827361055,0,5.163069774824196,High
2.8570034656521326,4.405675381553289,0.374815268220825,10.082820467167338,4,9,0.7062184901327867,63.15180887694652,10,6.06531349858267,0,6.412458004918578,Low
4.278428749432679,8.802139046934169,2.2093564625671958,4.142783244269793,2,7,4.603140683553879,61.22797346344482,2,1.4259207712277921,1,8.10755435627166,High
5.530755437693712,5.402272491462599,5.655811899645729,11.198361600508942,3,5,0.46816446666814615,73.275283326374,10,1.3710503259915434,1,2.9369858073974098,Low
7.213553457664288,7.2400714876270635,0.5015169729749269,11.6691917787971,3,10,4.775315935631182,63.254458437601805,10,3.2571850160076643,1,1.5933600042173408,High
1.3538092585698904,9.28047452536875,6.714707938848019,7.28386516930807,2,10,3.0546319374173896,86.71549944915537,9,7.207314781281609,0,5.7864115972972465,Low
8.194693590181384,7.905264214283165,0.030559381268664865,2.5730123493229904,2,10,0.00634038457745123,81.79697883707168,7,8.669329730200104,0,1.5591319364808616,High
6.6511035054181695,7.197746719308012,1.974590953615218,5.120030677175394,4,6,4.47003598958403,93.74938440263257,1,6.032672919818635,0,7.899015649300779,High
1.7358312875398472,5.946002518692254,5.9272324492165716,9.775054896830355,3,3,2.6085590068345916,54.136915174353575,9,5.789194656241172,1,7.472903028704097,Low
8.862207616960994,5.998011478349188,2.5301611978344543,5.041298015667775,3,5,1.3133486766524227,95.75416666790375,2,4.6207858041231935,0,8.935414043187674,High
9.287851604786319,8.016921731189141,0.8151391045281082,1.9571894013306763,1,8,3.8363958875781505,64.66743133350448,4,2.4543816036221906,0,6.756058882305645,High
1.5497016386937736,9.964836167327006,2.881871350403423,7.124634020210067,5,1,4.63332776943435,74.5347172963492,9,2.065186911939288,0,1.6047781367713638,Low
3.4918988333248335,7.971035139096272,2.1631462910762043,10.296329366456382,5,1,2.4184541157339696,71.93057179698218,4,7.846117850988694,0,3.2783691294065567,Low
8.255811518137552,7.346700504220149,6.741695217284439,9.755190258578526,1,7,1.5777673722155545,88.01558255522119,3,9.34753196166918,1,8.271386601064474,High
7.734337213452926,8.383903061435475,2.506783340681145,2.9263545414338856,5,5,3.944725619674634,71.01666547159212,1,5.124548947476458,1,2.5041917558222897,High
2.6606891742073957,6.791233673702309,6.311459774208058,8.400410758537134,2,5,3.408927488942273,97.17765728247048,7,6.935010928440744,1,7.286324210333986,Medium
2.8841439100303927,4.360854055604712,7.134977158485878,3.425546897792118,5,1,4.443762418751362,95.12669413192877,6,9.23011885792847,0,8.022333978284301,Low
4.334248925122438,7.373780895267458,3.4705393566122362,3.4002828800738945,5,9,3.462570063805965,93.60805759847533,10,1.8110226964073008,0,3.97100618069717,Medium
5.360706866719192,9.74575170703228,7.279545150835136,10.614789506357036,1,1,1.2176416944976816,53.562916632411394,4,7.934333078071268,0,3.9006772606261766,Low
6.564292943772664,5.051817654145958,3.0185444317055428,3.746358480142532,4,5,4.658296248795095,92.71290307769698,6,6.551351959380177,1,6.020224130882322,High
4.320222756127952,8.140029344923995,7.712627331920865,3.895720811698123,5,10,0.5241787360299566,89.08177227216052,6,6.387734609468752,1,8.751576994792874,High
5.162812445198331,5.205602131954339,0.7143161962045834,1.007187298374295,5,9,1.3397137505342394,55.17564735030655,4,3.6328638563341284,1,3.015155817221325,Medium
7.727238443203809,7.214966106838488,5.496154132025942,10.577359375380695,4,4,2.600973038619428,55.37071627181109,6,7.155040192999092,1,9.471323764381625,High
1.330148826015381,4.580058697880318,3.9505123236554294,9.718542945300483,1,8,2.828710130354507,55.058190575877056,10,8.15317979338699,1,6.392068163380974,Low
3.2719324990961867,6.702225617549111,3.1011904436451765,7.900618285997458,4,6,0.07655293313452716,50.56662966022438,8,2.0157234844932743,0,9.929138242170485,Low
7.420146272960972,8.536979973371476,5.061695029988807,9.252923403327264,1,3,3.9028636291047,77.43171525972917,3,5.801692878828854,1,1.8065235159579038,Medium
9.056861539184794,6.085429145433892,5.6308567330746495,2.6725342416694096,2,4,1.8080365921269475,98.66971457180216,4,1.911386628886687,1,2.1390592285608316,High
5.6050969790409955,7.989470346923309,0.0349061572024727,6.0415595404633295,1,2,2.032092705010689,71.93423514498969,10,8.853166173678801,1,8.439776233421345,Medium
5.789021367387841,8.772699764738375,1.3356247099775898,4.863413260836589,2,1,4.0468477221847285,77.03787509436782,1,5.568730503907125,0,8.782803060434643,High
1.9645481020579845,9.563066916876716,5.70436840507455,2.031541788827181,2,8,1.8964169586377229,98.39848983849777,4,8.271691203346816,1,5.0091281953384055,Medium
5.026711301411092,5.407852491132721,5.331083308625652,6.347435337364165,1,1,0.2361243824737741,62.759111438711535,10,4.312770738995928,1,7.426640585281015,Low
5.793555398095209,6.395895494855849,7.728380041029418,11.12813615376899,3,1,0.8821988523517516,92.92351262991315,10,2.125704041346929,1,8.808015587009846,Low
3.1822345327125667,4.914496079982505,6.088302322006264,1.4406503095576393,1,4,4.7795158619409115,77.3195233605868,9,1.3734937394714033,0,1.388150093969458,Low
3.4231890785444286,9.954901012950252,7.606181661850704,4.206070048431733,5,10,0.3520268120125708,78.47382573315053,8,3.5335865869513796,0,6.165553806939327,Medium
4.395557467941604,9.562005807545772,5.620324012278456,3.282950298262738,5,10,1.774656004840081,67.15869286036417,4,3.198103303276707,1,8.681325998738405,High
1.1806407799995373,7.239742781683358,2.384417669115545,3.6196131903226596,3,6,2.515895835256723,78.07921804834541,7,6.043167766179657,1,4.583394501262974,Low
3.8987124902486046,9.052199766258529,0.8429193780068518,10.992780070673128,2,9,2.4664041366928,53.6571254739142,10,1.1956495425733662,1,3.7214524550118417,Low
2.9030320629689017,7.125747863632253,6.254590906759485,6.148759596577191,3,1,0.019799715060713763,88.23217863070562,3,5.68513489869256,1,8.161360165853537,Low
3.9474761696012317,7.741514128016558,5.153193771807327,6.129293542338007,5,7,2.505813657287452,64.23438807721358,9,4.5259456781080285,0,4.0220792515255255,Low
2.077859186373261,4.5347465926960995,0.38548809914636983,9.366332067008106,3,10,1.9188622898870462,94.38041647469774,10,6.194100429229979,1,1.028568683660529,Low
9.014745526659055,8.531622522980847,2.8804037272078267,2.699414244054184,1,5,4.860396677372786,68.39253473037292,4,7.321757753353282,0,9.63615328866159,High
6.342332081986438,4.766280901811409,7.654398523874289,6.3599188951005585,3,8,0.7957954199691492,57.14120552434413,2,6.706827505718551,1,6.329109127159167,Medium
7.111920872300407,8.95640578151517,4.00320916568161,5.729837355331657,2,7,1.770770983797475,84.79407871842425,10,9.861799324360296,0,8.37566126839064,High
8.102541147466045,8.692168526022314,3.461833088157637,7.566017596013218,1,4,2.0974074254490986,58.228907235675145,5,2.2443880948918395,0,8.42771406108443,High
5.485979790361515,8.252468186457858,3.661596841274352,11.995134735754824,4,4,1.953467685504744,87.68402577714951,2,4.867633080368007,1,1.5976937833545954,Medium
1.7822825927868133,4.216962283148573,1.6710617920413098,9.463937834902518,5,6,3.3291541382593124,98.40561182030584,10,4.8234766297898,0,2.5377417944781833,Low
5.83395887636693,5.818770135671972,2.9496573669183617,5.376522733191699,5,6,1.077564287738844,88.97764343976309,6,4.753478833326286,1,3.8000861268368267,Medium
6.281570062187912,5.578675419465057,2.958506047897413,10.103083575014516,3,9,1.105357764069959,51.12246242156623,10,6.974185528384015,0,3.8862935653719055,Low
7.70895526765897,6.160818444829115,0.4188401614997792,2.8777919964372822,1,5,3.6460547425042655,79.99428940263874,1,5.408452544920502,0,6.929075059128216,High
4.884935916067114,4.525856480583031,6.140541028143346,1.3351005493985615,4,8,2.501452593390898,84.77053354848621,6,5.656893038316668,1,6.608196286774163,Medium
2.148222725160074,9.621746938186376,3.332035455231032,3.2489320971070037,1,5,2.075778380286552,91.27291628981426,4,4.891203929320882,1,5.451308002088323,Medium
3.55398315218852,7.322813444274257,6.577439094531386,4.744527117256856,5,2,0.846015258386259,52.80011544695001,3,9.925295149167063,0,2.9013735907789115,Low
4.267740667587716,5.8331458639481415,6.802784008959163,6.616388332055159,1,6,0.9376361145608331,74.00539139761432,2,9.34805213937138,0,4.437851227212731,Low
6.8132551719844106,6.381889102445701,1.6959524375892645,7.766420545953198,4,9,0.052758184079502723,76.76854363191971,7,3.7695177042793384,1,5.892345716186526,High
6.137004742020207,6.683215243029014,5.2588278573610285,11.016662889358638,3,3,0.4571313443085462,58.456243132208904,9,2.0043453229000048,1,5.211868294935478,Low
4.204870533080616,7.6035660001637035,3.7782544333038537,6.6083941050550346,2,1,2.7841934734512055,66.12249048553248,3,8.557882516347426,1,2.1456327978557055,Low
9.878637239136816,7.094076566178987,7.041253903371881,6.514032090883023,1,1,4.4593656500420495,72.01108631280826,6,9.97453226283152,0,6.845594441517314,Medium
6.451973374211985,9.516351839286504,1.725925433411633,1.5526731080528036,2,3,1.435823825652787,91.66048439789007,9,3.6334800463568095,1,1.657465991295945,Medium
3.1350411256239505,6.981780897434982,5.422505602480354,1.384027079218462,5,10,1.6387361294806406,96.47037830351034,2,4.220064332575896,1,4.403752147729723,High
1.9160422535836337,9.952948088939877,4.862016978021781,7.062759581080092,3,5,0.578028053057561,81.42114144588365,7,9.474698633366826,0,7.390264129077062,Low
2.375732252658988,9.108549746470574,2.3624118205746623,5.81996474573179,3,3,1.943154728035514,69.74725930107311,5,7.400165662027809,1,1.1802118106773585,Low
3.213619555460573,5.251063086144015,1.092807229209381,10.230984344783284,1,9,0.1861085228466458,62.701550889949296,5,3.6607449860167254,1,6.129845371407845,Low
2.446132359336001,9.583571287863498,5.2131180838182125,2.767475431830297,3,8,4.588003481309501,99.10675922180752,7,6.229418421555236,1,4.010688767289675,Medium
2.679103216461752,4.698198387312857,5.9087796650586455,1.2746882832875457,1,3,3.3655567406226434,99.15099990381792,9,9.498066214278305,1,1.0794865908046103,Low
3.565856518244624,8.904698250947149,2.5250187501068,5.9394264472313845,1,9,4.9537440469660945,96.24884741175174,4,8.306317962512008,0,2.7134494395487465,Medium
2.560362357652793,6.283739760859481,5.15866083217851,3.6122641242748323,2,6,4.414115813392469,89.28345749389096,9,7.676494423557937,1,9.46851573943589,Medium
9.070888821637826,9.267845922670418,3.161047260892026,1.545758106727212,3,7,2.3649529684907633,66.28897718728092,10,7.632966805543202,1,5.690340149545814,High
1.7221037109547799,9.208340140644701,5.705655066260942,8.970581155323918,1,4,2.5984251557518845,90.85002417488153,9,2.602182918630433,1,9.975044841662186,Low
5.720602506132292,8.835552400705726,1.5937221991524249,2.227522999529722,2,4,0.9528802325859692,70.43965086355863,4,8.422131153051428,1,5.723350753282671,Medium
4.693571442906954,8.740182617842368,7.121720021089395,7.691514500085488,4,2,2.310196714197778,66.33865490775226,3,3.485067691991123,1,5.895427710612414,Medium
9.841407552177458,5.828074834588245,2.299276771724638,4.091547251835781,2,5,4.515139367464059,87.24326792331398,2,9.373299921113766,1,4.526587116395671,High
2.008350119512471,4.485515698307513,2.942287902049223,2.9084565539052423,2,8,0.25426711817910563,53.98269638102114,9,4.281759919124047,0,3.7903637685827287,Low
4.580700391411675,6.417881072590969,0.4647356166427983,5.177266752112492,1,7,4.317784014991549,52.42813616478308,2,8.718943573380308,0,3.2639099781965033,Medium
9.72523389947832,5.041147089919052,0.8920976985702112,9.81590353845249,5,7,1.7047390082130487,72.39768485905928,6,3.396101450660213,0,4.090785545176065,High
8.789564133045822,8.16970653341477,4.126895221698625,5.3130293459503,5,6,4.497563825481549,72.2819400411081,5,5.630742429240164,1,5.138659728103889,High
8.353648638543518,6.076598359226713,2.140741413823772,9.258466141321612,5,3,4.704399531707423,94.78220765319175,5,1.961967659401545,1,2.7279275520771105,High
3.3211254434044584,9.85366120515949,6.683841805937555,2.3803492647906577,2,5,3.35432443500953,56.30765481439084,4,6.941070126965567,1,3.023875826251263,Low
2.5379882865105925,7.845832464071992,0.11754710923963074,9.50048561631587,1,1,3.3221189329633893,56.16419637262064,6,8.524713476501546,0,3.443902918015952,Low
7.017788979319879,8.934883381806166,3.0327523893754895,3.606266573973135,3,7,2.2637716885437005,57.37263002374506,5,7.466025531721745,1,5.043339027377552,High
9.364383902148273,4.79514803645109,2.6987643741527414,8.4513244287776,2,9,4.177701122718537,51.48681306473013,4,5.709326616447916,0,6.875320301328188,High
6.010866037125368,9.172086893635736,0.15462104734080828,7.22359710325096,2,1,4.808063792166416,53.58658689074542,9,1.4060429074131355,1,8.705315352576585,Medium
6.144514205229099,9.536543143080365,0.9949471920040818,11.22059188932856,1,2,3.875409001695596,82.99349334145195,6,9.400969064537726,1,3.5841865346842896,Medium
3.5198118429425573,6.922371512913616,3.309141399349082,5.260547697728454,4,3,3.1096836687835463,71.57921645587547,10,7.349405937207712,0,2.653555063072936,Low
7.925436398727432,7.637517626505865,3.942916675579573,1.727817077178845,2,3,3.0339644791066838,88.18015335440069,10,7.712778145287997,0,4.409627183654995,Medium
2.6833937370177106,8.588858805417972,3.234317978038953,1.2107103410637818,4,8,4.247349507918312,99.629885929083,10,8.152125179597265,0,9.049447687346701,High
3.913113127638193,5.049031763562475,4.247501427296751,10.095444170700285,4,7,2.7060188288564917,82.95173405495007,3,7.729690833348496,0,1.0887465550342552,Low
4.828927947547751,7.015396458780654,4.761053399245452,6.772092014275754,5,6,4.0192994312441135,52.52277853100619,10,4.970045476885003,0,7.100817544519709,Low
5.568493408160095,6.391978166633878,0.07939056902268504,9.527684570184443,1,10,2.5444262758712286,55.22814323771708,6,7.602596463591522,0,5.294440417704234,Medium
3.181687591735722,4.878243952973495,3.712761275628031,3.5786816001266617,4,10,0.31222137486962065,94.05020424073538,1,6.625241090292961,1,2.4494159346461206,Medium
2.033531422652832,6.205206533749188,7.7079939271007065,4.795921200645571,1,4,1.9197350445207761,76.37479722791308,5,8.686147003019078,0,3.8891937364702,Low
6.495580381974693,4.409033856312961,4.15225824103639,1.3311425943245083,5,9,2.2222047883574936,91.24185796978699,10,8.222138338036334,1,3.024550394893305,Medium
3.597674979162302,4.154871441696922,5.4203381396716255,11.576415570315234,1,1,0.708086224933086,92.8306168112463,6,1.372369442205339,1,8.9004895110111,Low
6.231143992803511,4.810997734928937,2.4949108633350656,8.346546973708946,2,2,0.512481645946064,96.38372707497595,8,4.409983812993447,1,5.336860455504912,Medium
2.389264437467821,9.778690669535044,6.1919310252221,11.265255965352369,4,4,2.6773247482847706,97.49146027431829,9,1.312445369655051,1,6.067848500852435,Medium
5.330260916693358,7.297177215370102,6.183371855008921,3.9204604817197954,1,3,0.42571818278041074,77.74128982516531,3,1.9186743228948813,1,6.343188574033186,Medium
5.793304892964272,9.794932966919319,4.170368381233112,7.726099723482269,3,1,1.5147258394504197,67.0510086128017,2,6.412696498032502,0,6.756554121421205,Medium
1.4664118314018422,6.594987269980792,7.808110586233709,8.463499651219017,1,5,3.72298487981538,98.09324371739993,4,8.86439639046028,0,5.46000121338337,Low
4.029438503745285,5.870896798511557,1.004401718101227,4.493046702833473,4,7,4.822160897839904,77.37032030006127,8,2.078422828383405,0,1.1608617775268424,Low
2.209732092450768,7.036851177041465,0.13558131911664795,10.32920158517193,5,2,3.589352902759643,53.21263614773055,8,5.0598035872014835,1,4.012504182231867,Low
1.5703747342549097,6.6370701317974605,6.161265694056768,11.418776091902727,5,5,4.963127742264351,82.13882750299325,3,9.197910143257994,0,2.654859166488921,Low
9.909642091509507,4.633988105570463,6.45724429891906,10.733406294656048,4,6,3.4916898563970133,79.38423751975054,4,8.32870885304429,1,7.121285586205092,High
3.9011846047725065,7.844957888141238,0.9616578329646099,9.129736735333099,2,7,1.4689723532716377,94.78964364473529,3,5.677011068193369,1,1.51034186233042,Medium
8.288870012691714,5.296229095057598,2.1246626636688486,4.052111476974495,2,1,3.3602627025268097,82.65935945789062,10,7.944142953959479,1,6.074230520004798,Medium
3.2917658928738747,7.717527729386978,0.14041890693303127,4.097776463161949,5,7,3.510783825984519,67.45262122307757,2,5.704243966400833,1,2.8956855004687085,Medium
7.133524500015364,7.901206554388921,2.3464688862445175,11.596963524906418,5,4,1.858634923082303,98.31128628529102,4,2.422831035545639,0,9.53961254620355,High
7.842050739007179,4.912149118771889,6.185134991349372,1.1131294552926123,4,8,0.08856925304694507,90.08097429910168,6,2.122625018995112,0,4.01986847967882,Medium
6.360748665470599,4.368097762664009,4.1436842217006316,8.876549705663589,2,4,3.5159989238774347,81.52088091906772,5,2.6953140886036278,0,3.926990722371708,Medium
5.244185696951425,8.684569516410638,2.7847647453463047,8.768707788107884,5,6,0.1085004763777081,64.64626017015614,3,4.1582988546911155,0,9.310462011916513,High
4.706568227325417,6.758802542615921,2.9739143592506423,7.849584950447772,2,9,3.155940390300356,68.67701481571478,2,9.374763409066167,0,4.756131282737272,Medium
4.139814398886958,4.348982773032855,0.010829005723745233,11.891197306955524,5,5,0.8180824437127754,83.49849620483283,9,8.197105722882412,1,9.66576100767168,Medium
9.365762298230432,9.969197903018603,2.398404220521887,4.4306737934009774,1,4,2.8280176387402167,53.599040923166086,1,4.895214051036858,0,1.2175331692015314,High
8.475574670089562,4.346683365978199,5.171669933103444,4.73969050172573,3,8,2.519565126903,62.834029582513175,9,5.437690388088166,1,3.757101176819317,Medium
9.685242195998613,8.170211373151318,7.793555550530857,1.868333432412111,1,9,0.06756821153091286,85.6950466698299,1,3.390485118997734,1,6.995736642397881,High
2.1186750113699024,9.902073551580482,6.776486615871196,5.8707795019811115,5,4,1.8143290849755171,74.00092549223105,7,7.339176608249171,1,9.017712680748748,Medium
7.577807276832798,5.435080625295553,0.188759717164233,3.8715337885833288,3,3,3.005455836981514,70.1196782407215,6,8.224891043158342,0,3.307650337074555,Medium
9.44506411138934,4.8534962121231775,7.188484837398715,4.777253723954086,3,8,4.243032759493898,57.572881120020725,7,3.150142261008189,1,9.374298327673014,High
2.6310975954909415,4.728309636534574,6.2655873063890075,10.180289692811904,5,5,4.443210569182586,72.09245172388663,3,1.3763946140781882,1,6.3470931984926935,Medium
1.5984664063009975,5.819650885405573,6.243008988567843,11.290329648802453,5,2,2.4192498501661164,88.53459853801169,3,6.615000488466734,0,8.209074188781244,Low
7.670085843610531,4.60627486606388,3.663966072028572,3.043063792057042,2,10,3.642112436497191,63.20064230359465,1,6.06260907221785,1,4.574865738762075,High
6.170258018619207,8.152968050164791,3.1840423436360226,5.097598247088125,5,9,1.5822728826672883,50.26992710918387,4,4.619180395259888,1,2.90962344310186,High
8.576458990824449,4.373750788780376,2.423325830665541,11.214936183269336,4,3,1.7109320287932872,83.42524505754915,2,6.795045475958891,1,9.201118739029239,High
2.2579513896366055,7.056532768898738,0.5255588716349262,1.679893067581449,5,2,0.9723175959115687,98.63133022162762,10,5.955519681866292,0,9.398222815655968,Medium
8.15740580673901,9.98018112311786,1.8258829079495928,2.0159658092251638,4,1,2.8097405499661967,80.34132817942914,8,3.255234189347735,1,5.478176297387219,High
2.8146458804297008,8.883821617036112,1.972829079824197,2.7907008812685232,5,8,1.572820754636826,55.996092946356505,3,4.579560780604501,1,1.0584551439933085,Medium
2.4729034857913406,7.6913166293860655,3.8726165576816127,7.547341175395623,2,3,0.4218544821925252,66.03665461723365,7,4.8530221277251755,0,1.9880465830336402,Low
2.4783921813789362,5.83752172471967,5.979555252773552,2.6551949810659723,4,7,3.425030433315894,93.38208073601118,7,8.922231950280073,0,6.1572516420854955,Low
8.33117248208244,7.74337501774983,3.790478627183573,11.64884019595807,1,1,3.5387660380269907,61.62840371284143,9,9.648137387160634,1,1.213990320716976,Low
6.986774986265801,7.162248783469909,0.46275559557728485,5.913859799843724,4,1,1.7999620938952892,80.3847951748804,6,9.037012261568474,0,4.572207315880258,Medium
5.707588822922074,6.556500303342229,7.662318407905631,6.51669756385183,2,9,0.383616997280114,70.1335604126999,1,7.472602216467816,0,3.7303295101481133,Medium
4.229474357111522,4.784262260441197,7.541794552752898,3.713244773859471,4,8,2.1314885870171296,60.39218607098245,8,6.264934602452397,0,7.429134478619842,Low
8.894804867317974,9.3196252914428,6.281516345187267,6.180562776782068,5,3,2.2116772902510773,90.67034467823399,1,7.2033547191935945,0,1.5002080565314175,High
4.532005966803719,6.698707892927935,7.930623212513765,8.281049959007127,5,6,3.3433544244894646,87.14156382328451,3,9.451982986594201,0,5.398581420795587,Medium
8.349394955244193,5.16773507092459,4.355858662402103,9.262948506494471,2,3,1.5770819562934175,83.07955329796327,5,3.249988617014486,0,6.212028428880448,Medium
4.952214177131966,6.206556105263738,7.7021468020256485,9.292548909809042,3,4,3.412996398906527,61.81682951343756,8,5.816084569060644,0,6.555619684473559,Low
4.392499864824169,6.484778515173562,0.6048403249340062,7.3568022396349715,5,1,4.357442708786942,54.8928501358225,9,7.206472171003671,1,4.646419048152468,Low
5.164118071026458,8.965227373401245,2.9254459860909705,10.947957524932429,1,5,1.1874302118109992,78.80796649129832,7,7.113223011918471,0,3.7393100508659587,Low
3.7124008674772786,8.401686283368413,1.8030501440541267,9.991486320367203,2,1,4.894597780599499,77.68389167697167,9,3.2705106361915277,0,7.142437303634339,Low
7.72848442158626,8.61582936184804,1.5666646730741602,9.32752926168488,4,1,1.9318406856840347,59.41925046674365,3,6.280583746507767,0,8.628121432922455,High
5.5244835108323125,4.066187586571884,1.1264235911414087,1.611660738485067,4,10,1.3362934257353087,52.812334715758624,5,8.163218281781408,1,7.242558740045909,High
3.0899142563213555,6.496923989078569,4.979309132527973,1.0756575844161425,1,7,2.1075559125514527,54.0354227096993,10,5.275710820452194,0,9.388921289114995,Low
9.096171159471115,6.888064909811941,6.2505748459784405,3.3369200491502027,5,6,0.4719873795192958,99.63854932563669,8,8.139682690288614,0,7.455371728221344,High
4.455020992358903,4.11515366093834,4.626387195362885,8.298759533047974,2,2,0.6285295325605783,89.17919473714419,1,4.238943379790993,1,7.881568606122565,Medium
5.891975750025898,5.558879252470206,1.1757016767056774,5.523172377708004,1,2,2.072170234841657,96.09937379825863,8,9.44884114447383,0,2.5111287694187996,Low
9.158248998680923,8.561738938732809,6.488990159467767,5.426468852292429,5,7,3.8122226096955005,59.752736111818166,7,5.805355964491909,1,4.7758568007404065,High
6.618141963225929,4.8226582343739945,5.087637657309828,10.73045577052575,2,1,4.501561197872455,98.02842681617176,1,6.363531557133529,1,5.3654979786036865,Medium
2.0520823663752767,7.2118607887155495,3.105325649015964,10.851191329450225,4,2,3.3240899535813546,57.132717573658105,10,1.2822541192412955,0,3.3066384606514685,Low
9.458489112521276,5.291211232103425,5.393042364288504,11.000927904589442,2,8,0.5260977761908486,75.45409142832355,10,2.532422234157348,1,5.756858743206591,Medium
6.6493724776427605,4.072724647863359,2.0792398339426628,4.452658841665301,3,6,3.3600988109026755,91.4847842208532,6,6.696404924239403,0,3.6171274979966275,Medium
4.014150531913775,5.447208745597249,2.761537667953684,8.60161394013188,2,2,3.17713960351486,67.49016772557897,1,4.778833346040441,0,7.187518835239744,Low
2.2534486539704854,9.855242529460323,7.339886745055922,3.987964994018066,3,7,4.0288195914666565,71.24142665884503,2,5.573474114123573,1,5.2325962903285825,Medium
8.146226703432664,8.809222671297938,2.324036045371363,3.0967081638189478,2,4,4.126243333260905,56.40925551495489,5,1.5667426786033039,1,5.12926258842132,High
6.580654803356621,9.7574598659262,3.7599061452634928,3.030957030821061,3,2,4.341015378894895,56.14609399994864,2,8.50721714569346,0,9.852782779295305,High
5.801149827786894,6.9271242635581745,7.121129099168117,4.763183829499535,4,6,2.0706575728954917,80.97841123893298,10,8.060550420665955,0,4.532003636883134,Low
9.045033247458619,4.658417192065021,5.66177080214022,5.729533817578039,5,9,3.4893219767607215,83.77661843100284,1,2.668185781496646,1,4.260658893306115,High
8.097374901020777,7.287756933842157,0.497625809317622,10.140440881605752,3,9,1.3412517946115536,88.86662570410967,6,6.708964215316414,0,3.8674393415438897,High
2.365073917594761,6.726264007359765,1.1784243542317627,2.318802028199833,3,8,4.996681399917521,77.83410263408769,8,8.364836904888445,0,9.052742988782184,Medium
3.805498610159934,9.066142496437696,0.06273272617533454,9.084184321343836,4,3,0.8766712068842997,82.2879646130653,8,6.767687227740399,0,5.470514434883604,Medium
3.236402258330192,4.588495484705468,5.047374321833307,6.846004056082359,3,3,0.05057215830417905,50.675863584986004,8,3.7935828576626034,1,6.4001302973257195,Low
7.695516633154092,6.929446822130669,3.5813874032833466,4.167398769435917,1,2,0.74404357259088,58.1085363568594,6,6.905000354303504,0,2.627366311021555,Low
1.3017919126220145,4.9002919881639055,1.0741988072182043,6.421015429861071,4,5,3.8793614477206333,99.24573830084523,3,2.89415572914891,0,5.868481240044342,Medium
6.129007163841849,5.94805556134036,7.663472968454164,4.299362767547249,1,4,2.2339183825410576,53.79967531579159,1,3.8642949755147877,0,3.4718337358163947,Low
7.862128171666215,8.424142464326799,4.237277791564959,7.556901507621366,4,7,2.2375012390521416,83.93941111301226,2,3.160626877964608,1,7.575732291365897,High
8.890890730855745,6.856108776212599,1.9351463529031134,5.772283151407686,3,4,4.775114598058343,58.80413165158581,5,6.0123259215118585,1,8.49275513913144,High
4.078735738443167,6.255329710874616,4.00482856923766,2.808460819867666,1,9,4.598174540140371,85.83592928838209,10,1.9740398208899375,1,7.433296229181498,Medium
8.391315742048116,6.366857671420211,5.436962661880862,2.282413820112664,3,2,1.555973689020046,85.29952014809967,5,9.399793423135048,0,7.572197496432316,Medium
1.995685632596865,6.75668061043592,0.6099137437885158,7.013652502793431,4,6,1.0452906439043308,61.70995298940451,10,4.001611182965801,1,5.6122723370756535,Low
8.618070625610663,8.710099263022341,2.197630520383136,10.926543366147138,3,7,4.242411049668698,63.481719960960206,1,2.9707311439522117,0,7.409062507007217,High
2.147397960987842,9.352508133641408,6.455723927071949,4.783534552134541,1,4,4.530095355221816,82.7385356801044,1,5.468948322416481,1,4.804182419573443,Medium
4.575585615043305,9.73200811902357,3.67731896322129,9.063001179448856,1,6,2.7079846139924344,69.50430193901067,9,3.4929803660924446,0,6.863402381766517,Medium
8.175658292015981,8.72142031753177,4.372617136258359,8.245274904337435,3,7,3.1471185555855024,59.72739848499556,2,5.814136777443799,1,3.331352891084632,High
2.349256846138964,5.892441374488076,3.462528017675754,11.247104057404291,2,4,1.284571423461467,86.58397993937409,7,4.136582348038769,0,1.6278131108080913,Low
3.0632625570937733,8.128808236519253,0.35119954114404095,10.03079119029055,4,8,4.004013439892623,57.70737621681671,10,2.1886012969213673,0,4.7212593770977165,Medium
7.500273115537596,6.6256187443323515,1.3259982385612474,7.232657847960093,4,9,3.1606121422451157,92.78218320724733,4,3.393057178245358,1,5.156003402024409,High
7.480328828914669,5.528023732276307,3.564333109935127,8.227335480575181,3,1,2.517567556489983,75.73347620259138,7,4.945958604653727,0,3.30766442369821,Low
6.770328695967676,9.045229476555535,1.6734837232634225,10.882251132424383,2,7,0.3005427803919791,55.285030193965035,8,1.2726390383166306,1,7.549385665665139,Medium
7.2455360002039,4.23055809377395,0.3998322292774299,5.394706630456283,1,9,4.579674812555768,84.70361667654922,5,7.935782743132858,1,1.6619543107865127,High
5.884519990128366,9.41057195281254,6.74919731241459,4.594741764435551,5,10,3.0772571019220303,75.95815197872702,1,6.596421081313742,0,3.004734919412697,High
3.266191530162575,6.768864787748405,7.8495402333129265,1.1189219199871596,5,5,0.9634554734648398,64.90287858974048,4,6.412236465505188,0,7.737082466082642,Low
4.111263941535275,7.823208860849682,6.3451429919739155,10.092061816106106,3,2,3.031930584915264,71.12696901119274,10,5.914449386944893,1,4.934118463660111,Low
2.634379451212831,7.956123533234696,6.830279373637336,9.810787704437013,2,10,3.387316771199867,64.91688717937494,3,6.312818550925616,1,7.347552616353812,Medium
9.176055052002654,9.370706444239218,1.935817042536363,2.1489996991016653,2,6,2.6288516834161273,63.1512917871392,10,9.411867574364985,1,6.107372900052367,High
6.250526152895084,7.8200180930032435,7.685015804105598,7.345431192459703,4,7,3.5905086897801124,58.18042104218561,5,1.0771228972966662,0,9.556414749976263,High
4.607662750872759,7.68360150856037,1.575405635627427,6.103798679835761,1,2,2.9072697396431213,68.1383566568738,10,1.4301973869197435,1,6.380162494505496,Low
5.1580522327971945,4.39991224336414,7.611438482894658,2.305800050600226,2,2,4.738847910160741,62.54936031580354,10,2.723440689377221,0,1.1338207691096773,Low
9.525550056506338,7.110448131671225,7.958554351727608,11.78625049766796,5,10,0.2684853929965342,84.17172435269586,6,2.5057124199383507,0,4.175896154539005,High
2.380162628044722,4.90101400490225,5.69378244596839,3.3616547620969097,1,10,0.5312285423478025,84.19383705816531,2,2.630750135222644,1,2.287546139842369,Low
6.276068488151175,8.424602612328913,7.849149854334575,1.7395759809961726,1,1,0.8683581847716992,75.09201212778191,7,7.0474949726378515,1,9.321703098379329,Low
5.5529981099601935,7.073331524876047,4.556318236536829,7.543321174521005,3,4,3.4508553530216606,88.89722637351605,3,5.1353497094514875,0,1.9361120885657228,Medium
6.503088118911831,8.08136667525012,2.0763342654087227,9.127533448463359,2,7,3.2279793637490433,92.06698595030241,1,9.926009905012238,0,4.489359968179787,High
1.1629916543875645,4.250037403614305,3.495967085324967,1.3568779065190566,3,9,4.46029430104847,78.98832287171365,10,3.0419732332265035,0,3.0348927426402295,Low
8.849115180497364,4.5087520962748195,4.748487483030288,8.245894025997243,2,3,3.664387264419492,80.94675813817169,3,3.7974709092474517,0,8.620497913570599,High
9.38906454235251,8.297940328376093,0.5846524962161199,6.8552106354659985,4,7,2.541777437822961,64.14429548931827,9,9.858166451214842,1,3.777098478300253,High
6.086198652302881,4.43250601599204,4.978746116937969,2.1359150976255323,3,7,4.959158962318152,94.74346003527599,10,8.485823267220223,0,9.927041348283804,High
7.26985741489203,4.427540366591551,7.849422694098356,2.8977626464099826,3,7,1.3305397808464958,51.21030222112649,6,5.228192986106794,1,1.3475494505102579,Low
9.302494430595662,4.072650851409325,1.520861198269821,7.247717270476886,5,2,4.165958298927269,67.43012347214228,6,5.991371969913907,1,2.154490952163093,Medium
7.3651477088205874,9.739008389796881,6.3407609303070664,4.259933748646172,3,6,2.1339518609695967,86.09002107749279,4,8.588601285875564,1,3.021748987861982,High
2.3728513862283522,8.425050156754041,7.263190350236955,11.321473015164477,2,2,3.243675694378671,54.00447548355806,8,5.328822214416952,0,8.299954361801435,Low
6.186595241501319,6.1195084510123845,7.5496127425617665,10.00614252432456,5,6,3.63634235226217,59.15847637141463,5,2.8542135122387586,0,8.906654881576141,Medium
6.460435417445703,5.779213487725931,7.681084835243578,11.819239271650293,3,10,3.1687704359516817,79.46428639314256,7,8.456000846989468,1,1.6430624254848012,Medium
4.817176041721474,6.098219378475097,4.1716771097717755,3.856379228454554,3,3,0.7025365155429664,77.99968357317789,9,5.839952421480791,1,1.2921412758604878,Low
7.627998120622506,8.647921187087091,7.8184632639320295,11.666959960777747,4,2,2.2147550537396636,86.94641480654775,5,2.3773833744743915,1,7.701011713941214,High
9.409303132921133,7.968223666422486,6.058481657075511,5.743572567707137,3,6,2.8071918896656216,90.63063195440859,5,5.5502724806595785,1,2.2001680607825214,High
9.330116616160987,5.111173407204808,1.2933714898956952,4.822706748451301,1,2,4.245218795892984,56.42897892558346,4,4.7188304253717295,0,2.1969872836717528,Medium
5.057554342637189,5.044656012004506,3.81520085174376,1.5538447966628857,5,5,2.218228743992862,50.919049488762106,6,8.891582786935821,1,1.2012988104498634,Low
2.019142412566797,4.590373898280384,5.746649402976032,1.580417836455629,1,2,4.593736524021257,84.48192598294531,2,2.134498882246331,0,1.4482708982507968,Low
9.863570790661012,7.961816318208029,1.9787225265526667,8.612123815413202,5,3,2.2018711151260533,65.06958978831796,3,8.87688824003223,0,3.3730791273594023,High
8.550082778013408,8.586235973330416,5.124921468391099,6.037218938774307,4,3,2.743899296315058,81.29919569589768,1,5.609899151292562,0,1.5850494046972567,High
2.1219641308294017,5.590278569950025,5.332803832372954,3.491737886397163,3,6,3.981428414714005,57.527229403111235,2,4.639279869830329,0,4.31991182493348,Low
9.28757694355635,4.125669766185477,1.301597950468527,7.753673369577559,3,6,2.915338422110718,73.45200233329814,2,2.457704659626463,1,8.494975281046141,High
8.829067258559155,4.493030004858564,4.52068249962205,3.781439300751223,3,10,4.801090361914123,75.22123730317185,8,7.3073616637481145,0,3.9368823158943336,High
5.669542514134649,9.807160209070183,6.1730152878288616,7.353949297788649,5,3,3.301679152570638,79.2538908186608,8,9.341260381990365,1,7.550507463214345,Medium
6.321478921704363,5.772668664864522,3.9911653162875353,4.9512962168095935,3,3,2.6135472703380054,75.65850081652822,2,4.378396185093878,0,1.845189683479271,Medium
4.591024334831173,8.615338887028802,0.0968249342088594,10.059074492730009,1,1,0.11795983890397932,74.7845385114357,6,3.174265006037501,1,6.934376686775436,Medium
1.492854749398282,7.747981413125583,0.07230775263433742,10.027657768434572,3,7,2.068664487901649,66.63670769919278,5,5.993802252992413,1,3.850724649316915,Low
4.016775174813109,6.291637837917375,2.8562347517600974,6.250854379346414,4,8,1.496242096300802,53.55901181590431,3,8.165673535904833,1,7.747775908273343,Medium
8.225681037382103,5.23412357317333,7.409552547454256,4.859010202685171,1,2,3.740528339437446,54.47600983984211,5,1.0339092509547974,1,2.2262681265074367,Low
1.0416882070414257,4.728318508956439,1.8294142368288702,4.98815776215004,3,4,1.041388375767729,71.68891372035768,5,6.682396927558862,1,9.080950399880336,Low
4.001492545220298,7.6900778082332,5.074909510973497,9.862859782350396,3,10,1.026100436470359,67.78965639104965,5,6.368644006287678,0,3.1831948260814293,Medium
4.58351824231849,8.647802683826729,1.7766069655465646,4.609974310773731,2,7,0.9475952161868839,75.8067402337249,3,3.8633696722374404,1,4.178240139530589,Medium
5.836560426441306,7.863425521246784,2.573359917276389,3.2996531107753064,5,8,0.6280780657811796,65.24190846281334,3,5.062807032444733,0,9.551626397362375,High
9.278700547714845,7.18181279949495,6.784336716811872,1.931571760628375,1,1,1.555035018354437,84.39550457276621,4,3.222669017456388,1,6.20634123757773,Medium
4.1171139492936515,4.251707340589817,5.830891538159575,6.133624329728493,2,4,4.4296105722171255,93.19774110047553,7,8.108971641566585,0,4.291943670667198,Low
4.122578817066049,9.810932665566302,0.763194218505685,6.30345308811826,4,6,3.8746423615297747,64.94315943934339,2,6.710814400294969,0,9.546419323302684,High
7.637511232987736,8.792285149927448,3.429616167891469,10.249995814431978,5,3,3.6762560815339675,59.64920039695143,10,5.794404598350868,0,3.961696752010288,Medium
5.069961468008264,5.756932220205789,0.23335810916211575,3.4336256609067037,1,5,3.9866840282498135,55.80902871270445,4,4.532735785760445,1,1.853836414076618,Low
3.021443406459838,9.879821976153103,3.847121172824072,5.190904010352399,3,10,1.3470894466478582,80.81270202854063,4,3.622459474186589,0,9.97163999073478,High
5.07195564519424,7.611289537817933,5.299472093608545,9.8924631278306,1,9,4.437208453762439,72.19279955702847,1,8.404628374390882,1,3.4106042850302245,Medium
2.2677131834181985,7.494535949243479,0.9480209887852125,10.059859718238709,3,3,0.686516875708022,59.40078585981445,10,5.062669033902121,1,8.661320638296466,Low
2.58748287855601,8.488439076577192,2.3110795112733253,5.230721835766451,5,5,1.6817286335779098,82.65683666459276,8,5.513026778575055,0,2.4898671534077854,Low
5.4853099546553175,8.870618728540826,3.1826930040172554,6.05036425615349,3,8,2.9337405948367143,57.42415915026422,1,5.687458574866675,0,7.582185745996402,High
4.770329045540931,7.938871643989016,7.356248197248398,4.336144799342112,4,6,0.5145254417100031,77.71503529239763,8,5.035302418884188,1,5.720044550250268,Medium
9.2336131096129,4.7685744781972,7.946040123383712,11.258103662612433,3,4,3.6506509388821247,76.35741908126323,7,3.304795836145814,1,9.828159024611166,High
4.261545092049698,6.02960503596699,0.35929039196492685,2.3050814231573833,4,8,1.9362302410173748,86.71139005930416,9,2.083063962187468,1,5.975473204831595,Medium
6.225295152502391,9.568501841956298,6.088063387963136,11.271243653016171,5,3,3.9220283280420003,52.755481997033336,8,1.8868354045096662,1,1.2251363670176871,Low
6.690378591275773,5.347693671063111,2.973792531218746,8.522530970188775,5,3,2.4644814279230136,94.39364659256651,5,7.817162710066198,1,6.434901906616791,High
1.1178501092950026,6.23300214302508,3.1396654898358403,6.847293679554043,1,4,0.9043726221266818,85.14958630734097,8,3.011750400713602,1,2.3078481070296344,Low
6.971836348150395,6.592461297665176,6.0341197867761815,1.3592496686294546,4,9,3.673809056776722,60.80629991743811,10,1.5010553345857802,0,8.186868237538786,Medium
2.6023237018277627,6.636429938166713,7.347411457163269,6.231558110042092,4,5,1.2607197791947178,59.17026743048699,3,8.177656660262974,1,8.709113768409091,Low
9.649632857225097,7.677637494967153,7.607428756020387,5.485229155030055,2,8,2.454051506340214,71.58301070718917,10,2.3865548757458317,1,5.338841669152429,High
2.3379645497780164,9.658455026468246,4.616980688306566,2.773406931726348,2,6,0.37766634578453806,90.87826647722984,7,6.626314825600186,0,8.048993113470686,Medium
4.731617113543214,5.4441562709950295,2.8569692744040225,8.220505638507227,2,3,3.0893332720601836,92.14749965695535,4,4.047789443030769,0,2.3059966193344463,Low
1.7681470127077947,4.729008257805509,6.300392686870234,11.682659981051144,3,8,3.329288831081386,76.02280460696915,5,2.138322310221785,0,5.428703678820814,Low
9.971868266613527,5.1848229391596234,2.008011066098402,7.184076921709776,2,9,1.8933710498639178,93.04054313433687,9,4.730328813289239,1,4.5454983822152615,High
5.519755092981184,9.321549401255616,4.512592230668142,8.862286040883404,4,8,4.772113901605369,50.27218545958453,7,1.1332797501936263,0,6.501856483477733,Medium
6.358465155880394,7.874864875931236,2.8686276921989853,1.7529549782261846,3,4,4.3708446074103415,51.758731576579834,4,8.569404842613043,0,1.4002946992284397,Medium
1.6036882964958474,5.715440735434961,5.253048589663009,5.594336953986942,5,6,3.5397045786999737,95.59107968183713,6,5.621481652076715,1,7.769105544237647,Medium
7.7496442335926,8.895681633811703,1.9231913031480552,2.2799433368094544,1,1,3.568260372468713,88.76659649429581,10,2.2524400981716566,1,1.7121636052721532,Medium
2.889150337860272,9.168219978180616,1.5327435658786062,7.740754190901614,2,4,1.2620085747107561,72.53530291251928,7,3.132822865500862,1,6.908243657771484,Low
9.082488604966423,9.079086032141667,7.345912693403497,11.323303740355701,5,8,3.2840761554422446,87.68050657389935,10,5.03177672924674,1,1.166115029859498,High
2.8462567643380643,9.513559201837326,0.8144294635962952,8.279555057188023,4,1,0.9910313261775983,97.78197308617108,9,2.699824445339938,0,8.486992573810566,Medium
2.716189485972999,5.51344612104017,4.047663261879453,1.8448335314586368,1,3,0.7200161195991106,88.60447619406426,4,3.417392453509773,1,2.5722966720140317,Low
1.328947010632854,8.53025157247767,1.7668222637040714,4.901328254835911,5,1,4.997339471012901,92.1185666909161,10,5.809470078117369,0,5.639477283792914,Low
5.248602505989993,6.76323698364484,0.3114397066053396,7.057297173849367,1,9,3.1118796573658707,88.0303290695031,3,8.49348111734547,1,3.3534361335485743,High
6.083570199363548,9.05199131734037,0.28815054633141113,5.435285317465774,2,2,2.1549393632859526,58.41055462167708,8,4.616557171209287,0,7.503824818549616,Medium
1.5913777548551713,8.370944062969679,1.4017741768466188,10.170084115226896,4,9,1.4408226144197567,91.67870548228683,1,7.452777461981935,1,3.8921599017074913,High
7.9797485502550956,8.658684678998348,6.934162836048002,9.961381051809882,1,4,3.019602218311137,59.7554410012105,9,8.890157921145835,1,7.521482742294855,Medium
5.079599512732249,7.936971026086429,2.2598299518162133,7.730141221135436,5,2,0.24796754110043062,94.63056640220735,1,2.946708462665458,1,3.5638408615192887,Medium
5.7195124239482205,5.064572616818241,7.603673364602366,5.108037396459758,2,4,0.4734049525239753,72.9324949040538,2,8.264727733619441,0,7.77225781842184,Low
4.966864722444053,7.27016151338163,4.652978343913548,3.8087001113956855,2,10,0.16428348870198173,83.84883761555142,8,7.816619784979246,0,1.2754494670321381,Low
4.606867547877934,9.90801843714705,3.4929135181501287,2.1646175003444226,5,6,2.4958491663133087,74.86204239403217,9,4.212435681533215,0,3.549802018364636,Medium
6.036762981773961,9.624328398982714,4.640710677355637,4.903874518352095,5,7,3.0030331459359125,54.6995464708301,7,9.905679635507804,1,5.48770155796251,High
2.3971622133764123,4.25904241478207,4.133587081810142,5.544897689284915,1,3,0.31239880678910426,64.53611538103326,3,3.3631513429236133,0,1.4055362372775293,Low
2.63735317445744,4.988888894376623,6.070210030058601,8.43405217614481,3,3,3.6061223374945826,99.18659269985031,7,3.29322939428526,1,2.6743065523415077,Low
8.756070589121656,4.790372640727371,2.259968527782818,8.239758067273307,2,10,1.151975357572822,98.03573758349087,6,7.95033248187878,1,9.41083283477083,High
9.515039159202695,8.355879459911772,2.824403132802419,1.7711895360538263,1,8,3.4260072688493306,66.02434488277737,2,4.911915862459757,1,9.791508386621704,High
4.359783846517777,8.90671197914167,7.152754420266006,5.347852469742736,5,5,4.909485700176228,99.81484021226129,3,3.9771549530293893,0,7.657749526514371,High
3.436702058291984,5.281068197864031,7.571652105203244,2.999567539390981,1,4,3.4555293502692557,92.27755977484497,10,2.6079652480519266,1,3.2698004555522155,Low
6.795995889151142,7.0351161577109735,7.140465819891796,2.7249397584848625,5,7,4.415965264618043,80.54797497161273,10,7.887991878410896,0,3.344657008923721,Medium
4.678607539882868,9.0442181680672,3.3555839516585086,10.100323647109706,4,7,4.740992533715337,52.006231013050474,5,8.076896255224693,1,6.812113220155656,High
1.2284772009431038,8.396809268597504,6.242924024055053,1.4610673838788328,5,9,2.4337552417615775,95.07234147691898,10,6.099076029071264,1,2.058396549388316,Low
2.4053733762957132,7.253423232951089,3.8106858664087904,5.611011634923335,5,9,3.5116248970985344,77.87146396321599,4,9.615822518722355,1,9.5347844238733,High
7.443750059626578,7.542086142752638,3.9803188171688175,2.8502402134317,5,5,4.259846267779209,93.42380756013847,2,3.863469433803888,0,3.023316095591661,High
6.930315477191362,7.05016328149768,1.6374408724582716,10.672632372463214,3,8,1.7830445643719306,91.72145599528712,4,2.976571409314035,0,9.996720628828994,High
1.2438639325313514,5.785290707912924,4.729042426068132,7.127445646025386,5,10,1.3069865828019744,91.65031076005431,8,7.097200920410157,1,5.461604157722144,Medium
2.997749457396545,7.390131957154097,1.4890871820267835,3.5451870001453285,2,1,4.732992863891694,84.90869303574524,5,7.825677767197343,0,7.942869900936428,Medium
3.0796731692926427,8.133311812300544,2.65251759253755,6.52670015883014,2,9,3.63151750184409,64.57075693380243,5,3.0241537349664016,0,1.0196568505500152,Low
7.047034692388555,9.239937495164845,6.840241612959481,9.046349956734273,1,8,1.0984106668791316,66.808012887226,10,1.689496878350019,1,8.998717642764777,Medium
1.1773948397892773,7.8177481238754885,1.6566064736868418,11.539298098113772,3,6,2.245416963380567,65.42346062913431,3,8.294648379277348,1,3.430018403025224,Low
1.9369772378611647,8.566729222258948,0.5692662813874625,3.424906046699608,1,3,3.982258847689047,51.00229997662824,8,9.788517762814111,0,7.011430700932587,Low
8.199244768358703,4.960429809727438,0.5520607409025304,10.747999493422796,2,3,2.7353149545922104,79.12844546074055,6,6.802050574650559,1,8.257197527142306,High
2.6069019584890025,6.76934484651874,7.526276164024863,11.277345255842393,2,8,3.2497604908294453,84.94168352230164,2,3.500802101295047,1,2.4773296650310184,Low
6.874714970666872,4.05598971896256,4.055363503694677,11.080625989852729,4,5,3.7688410102252616,92.69329967626018,2,9.970053476975128,0,4.982585331963061,High
3.1436450294205387,5.480073187129738,3.2752965745361466,7.989557925481008,5,10,3.110045944044903,57.00827166913652,9,9.039399726403698,0,5.44452346586731,Low
1.8949725348341064,8.358770290678029,6.4870286480633474,7.928027198781785,2,7,2.700396609610979,77.20915744884009,7,5.620425816522645,1,3.809075188052841,Low
3.1885497189950867,9.95085970809618,6.686607423284128,5.43531696502205,1,5,3.7480714219388673,50.40040703368914,10,8.427891563576503,0,5.335802467560833,Low
7.500402386700932,4.595068597523295,2.657528264924837,9.276376705341667,1,8,3.6378151771610034,54.754682385536476,9,8.342384709366701,0,3.8579109188980425,Low
8.701268212956572,6.4089658951677295,5.548944459790362,6.844234201860251,5,10,3.1493620009158945,52.71058721029965,6,9.413190727061496,1,4.246729705496883,High
8.471978781102925,8.800425812194957,6.168982526815093,8.45181878351124,5,10,1.7989470669096481,86.27390170077435,5,8.56831459396114,1,7.023980608324651,High
4.5746517665660935,5.224213807773393,5.237205494927636,5.71303694233675,4,4,2.029060461001358,54.05297819388016,1,6.79311312361448,1,6.693339414744973,Medium
7.012766229135815,7.330509695813717,1.212760598400795,9.04646110447453,3,2,4.852192744420487,85.8226490779395,6,6.483733470608566,1,3.090391532177727,Medium
2.844858658742389,8.39842777617805,7.007064668136456,10.069186693650039,1,3,0.5619296614576291,62.48123522052917,6,5.2062155949845055,0,9.077345963158821,Low
3.6383295723491194,7.695912701561074,4.31275642188807,2.6107988226309775,5,8,1.3425245862641766,93.88564803484698,3,6.638370759736816,0,8.765096911042516,High
9.067022366690077,5.128148407692497,2.2597794109600295,10.162226871316507,1,7,2.4620087960216788,90.65749941819071,3,8.156949278773444,1,5.581749760209565,High
1.1170173115966242,6.132307412114437,3.4018254835015513,6.943261849693379,5,2,4.183648430718929,97.89151087376382,3,9.72133863672298,1,4.899256684261753,Low
1.7695767776902127,8.702750706912383,0.30056872319125905,10.291324999992467,2,6,0.8183783186486393,94.18810077290159,3,5.205586223639081,1,4.391703846856979,Medium
2.870976296314246,7.325359084792099,1.0229344097793405,5.74431876975116,1,9,1.3847730906230493,96.66647095581736,7,6.1628788268988135,1,7.365411267997952,Medium
1.2387898348643773,4.031377681257476,6.124374004126887,5.169445339213385,2,4,0.3289910889761949,92.93711982566538,10,5.003249455529036,0,7.044994514885234,Low
2.632918915808176,8.565944560168564,9.307804292912891e-05,11.065668057689447,1,9,3.529926330254092,84.66909503074277,2,7.016397588850636,0,2.765625462441808,Medium
6.247374048727229,4.211868129641434,3.3325266278583374,3.7628619430324144,3,2,1.1910471773780806,58.5129576062718,10,6.669284536551336,1,7.043122281703251,Low
4.792820955332481,8.474402696387394,4.1800814486847075,10.286335578147574,4,2,1.9433737533547524,63.585375942704644,10,1.1605041117426098,1,3.2718807469183595,Low
9.034045399692774,5.214883360991425,0.43707536000777836,6.324226297603445,2,9,2.2185072351483393,60.63634830651365,2,5.8704540319059255,0,1.16702502871173,High
8.356992055645968,9.74844088071628,7.784625303778663,6.655049868063857,5,7,4.456569678032278,80.17928938291028,3,1.7963820612911263,0,7.292878097836393,High
4.076356165280884,6.207644507812507,1.8090026499973755,4.393151096384324,3,7,2.056651451656184,75.18099689868006,10,1.237452562049845,0,6.803142422146746,Medium
3.3348109008816325,5.961589698028474,2.433589757090247,7.303464206809172,1,1,0.7261250995762453,93.35399985792118,7,8.120774458762284,0,4.697283361369073,Low
4.417231673505402,4.893328301994668,2.4315400980402186,4.5773231590383245,2,6,2.621574691700605,97.63364332495378,3,3.3278487594337047,1,5.731174503275555,Medium
6.31265448263327,5.8336252929412895,1.8433332969387992,1.4319635566581754,1,7,4.8147899732431485,70.24299448090721,7,4.065895695585693,0,9.524522725351837,High
3.4125727674058863,9.259904570969203,0.011790576690491328,3.9919846587879166,1,6,3.038428205254055,75.31752766404063,9,1.5767612884365958,0,6.356801628148939,Medium
6.617340170642207,9.978006025763484,5.834758352703971,1.0701694774724975,1,6,4.916936102302863,98.57581784020695,10,2.6155023444491556,0,6.920955418028783,High
4.684704869721164,6.20985718304109,7.734763998394283,11.761902657625424,4,2,4.2055365446943505,63.81194708115718,4,7.890443364320131,1,1.5752018885422698,Low
5.968424627667822,6.691663785727256,1.7943478662803605,11.623219308017223,4,6,0.17982878106706401,89.61953876794068,7,5.441777472093588,1,2.493950146076127,Medium
4.92513876221785,8.332425629216422,5.304377534427379,5.346708272195356,5,4,3.2919979768852095,61.261995116762314,9,8.926016162951335,0,3.7085704877042938,Low
3.650191835877259,9.317174682790448,5.935170615669721,9.012079397736105,2,9,1.4338343877894184,84.0730057712636,8,4.5751791832015165,0,5.8544138622532875,Medium
9.53607976265941,7.558266005120705,6.787403032724198,4.8038670825146745,3,1,2.7980842782236195,62.680781381928206,8,3.418306621788414,1,7.989318063849891,Medium
7.872452147437848,6.349154189066976,3.381033576108873,8.382024727945737,3,8,1.3967259546561328,94.18666944156934,9,4.128398330127858,1,3.891167900097283,High
2.261018581898073,6.4757310450917425,2.423447245123434,9.85973047350577,3,5,1.744352083026452,78.07389718683385,5,7.41494614165214,0,4.207441874308966,Low
8.816211783081215,8.173708878980841,2.602361072184249,11.414318691614648,1,1,4.615843558770897,59.29668204371923,5,5.995051051010375,1,3.3053579665637396,Medium
5.386880784245623,4.019309581625672,5.700970664788103,5.402335034346392,4,4,1.0332159244585264,61.2184587849243,3,9.13772086797185,0,3.291483963657753,Low
9.050970042046822,7.717536024759044,6.534235732045088,9.616277812516525,2,1,4.370545590129153,74.69245978540502,5,6.4195189244999495,1,9.539774613053169,High
8.198697303525837,6.132958062648145,1.4529117420528213,3.9252129569533065,1,6,0.15228904035248403,98.08010127874394,8,5.437163876333528,0,6.71911461657001,High
4.8269215402231005,8.765183987662505,2.9675280652621217,11.893655341730131,4,2,0.45438269184824187,88.48210819418273,5,8.071774514980596,0,2.4031111918595216,Low
1.2022237748810567,4.557943838938793,7.2155215739932,1.2834655864078626,4,5,4.273375206921318,74.41548214129226,4,9.527804656601006,1,7.500237202758339,Low
3.4180962344645147,7.529213601690343,6.453548157557914,7.63881687151233,2,7,3.152780154545977,66.88595722811085,8,4.202613201204735,0,7.498190290240261,Low
5.874707931947802,6.885837339316742,7.878867222099807,8.254565798164599,2,2,3.7361806901977515,77.46342466742213,7,3.248885891489299,1,6.998231764483346,Low
6.701303978435325,7.853953155431364,6.033986077456646,8.568501127815416,2,6,1.0470883541092713,87.41804167143098,6,6.545956566647253,1,2.2124840058159725,Medium
3.3209891688988207,4.38912156689781,3.145561608223378,2.324263366679979,1,6,2.6854172779505174,89.19642942264,5,5.489855390384929,1,4.671923351226282,Low
2.254204666655417,7.479902724568788,4.725102671957102,11.323827618204435,5,5,3.6860961178565237,66.23043990484723,5,9.90267017378305,0,1.960806974449718,Low
8.514372131193692,7.368907527757142,5.288114033978562,2.9930160695509107,2,5,3.1365706850513124,86.05796341069386,10,5.1612560573296,0,8.349584536829228,High
9.85961962633197,7.363960566497026,0.6276465305369916,7.8502874356382515,5,3,2.3584938344560475,82.88943900180931,2,1.6689839622431126,0,6.896549288601274,High
5.731211640724172,7.620925999578729,4.355975672830921,3.4494368703539346,1,10,4.798918932188574,97.9556145998147,4,9.796321546998723,1,5.564835430910366,High
2.5451135726347314,8.058807623358174,5.674566627780877,4.37938058723398,5,10,3.3807866672672264,96.55451452540075,8,8.59228251034186,0,4.0871392885053694,Medium
3.4507659386743206,8.829933998084618,1.338570432008483,7.011043959009368,3,2,4.53875400120619,89.46896628017885,8,2.60425129562167,0,2.6582452704499007,Low
1.1655160889272005,5.6189243207692865,6.245053739404457,5.589127604210342,5,7,3.6488525578684063,86.16973444274642,1,9.141447278015823,0,1.958028299497971,Low
9.228689259044492,8.950296461080372,4.670182244112893,2.762481610741569,2,1,3.677317642988416,63.702079485213794,2,4.066001387395701,0,9.723165467832096,High
2.05975974601127,6.989534093580722,7.617774285580757,2.880300426629331,1,6,0.4000913487883967,92.29826280492667,5,4.39400786081,1,2.7968377776042077,Low
6.188648279628282,4.462349674805987,0.33937838565513356,5.5995926697907965,2,6,1.7973231092697177,71.3752851856683,9,9.157523341259434,0,1.538871640492471,Low
3.466496986184854,4.351305575463876,2.1226091004437357,9.330112761030508,3,3,4.291847033598292,63.612027125302234,10,5.771040085317837,1,9.655000949642467,Low
5.9876020226421405,6.005429912176365,4.8124310343985925,10.877611115325674,2,2,1.1630193107437798,69.20803789767312,7,2.2398663645866765,1,5.940565672220444,Low
6.862783495166778,8.709381862668806,2.3724792976474456,1.9254042848532111,2,2,0.5775293307823309,91.79677450082539,10,4.321505434076236,1,8.169910614920287,Medium
8.467676233364815,8.246085608445494,5.715393312569938,5.324142983153411,2,9,1.6305302831939672,57.43166077889425,5,7.498877016410927,1,1.393892624784867,Medium
2.8577914458454288,8.731689788034439,6.072042260175448,2.102701200951643,4,5,1.1021894244630697,72.80793705599112,1,2.5676576926121504,0,6.102512717316892,Medium
1.0989624579263242,7.103614338649656,0.8201277125317956,1.1825172869585767,3,7,4.626440973965776,74.61787972647448,6,6.312080776657229,0,4.583889677061956,Low
2.2319706706192655,6.641193987732944,4.110835713654142,8.278905509083522,2,5,4.339833210010656,51.83148487994097,8,7.257467196499752,0,7.947679909148952,Low
9.100167776632945,4.884715160237704,4.071124444728447,7.626943861632466,2,7,2.4984161514145207,59.78730147740826,7,4.094682179883214,1,1.3458308107515273,Medium
8.865010698062637,5.9691565216558695,2.9542461617243285,2.7932102519637483,2,4,0.3067193724193401,91.33712142879281,2,7.244926198374901,0,4.615215117054529,High
6.376717919532775,6.604116197043251,7.463398900557377,3.571941164023705,1,8,3.5728117304657814,91.53836942973803,5,8.957866166463868,1,8.191660775375764,High
6.40465174390288,4.531602578077703,6.62005055898577,1.2607852900897023,4,10,3.1170586566813228,64.6207541942124,4,5.249050698099168,0,5.7042753817453296,Medium
6.9853300709163,5.323671716267268,5.577675055277094,10.18441926263844,1,10,4.85277335364248,93.74486172989631,9,4.446183953618071,0,5.950348668987435,High
2.5783415076110465,7.589351764382433,5.71461308587998,11.721596556534067,4,7,2.7947662013518846,88.58914695341738,10,3.260425612224571,0,1.8744821376936895,Low
9.229707513324637,8.41397868543514,3.6937291505049528,2.4900549047415987,2,10,1.681968617014547,70.89537418977048,1,6.437849318769738,1,2.1909750050808223,High
4.768934724028658,9.990085068357697,7.367956168772607,3.5462273514182794,3,5,2.595108467892779,87.42031722025189,6,8.918668432348444,0,7.092996448292073,Medium
4.448246754245477,9.598679988061345,5.556763418026283,10.552504763416275,5,6,4.896316457022581,98.0667315597403,3,3.9219514046667463,1,7.075419600609279,High
5.670259347545538,7.85539119721115,5.8318484932465315,11.191101777518034,5,5,3.4818121626651526,72.94848590326744,9,4.566119720835731,1,9.81193054827046,High
1.4226937009754954,6.527488319764432,6.893527230298762,5.615901210874914,2,7,3.3598806896352555,61.92135894767418,5,4.659629657949855,1,7.407576892589954,Low
2.4965503188047147,7.817064188249397,2.192572714737528,1.5568471949598153,1,2,1.203407948629427,97.09082500250778,6,6.047311075997654,0,5.439191463401025,Low
7.642302547837334,8.713909708481392,6.456567230933624,1.4333101706210134,3,5,3.7180125878030883,80.18721442816282,9,3.0556806541069474,0,8.715950411801977,High
1.7451880113261382,4.7100171455403235,1.5619248236519363,7.313448526759115,4,10,3.751359147358859,55.26325812402126,9,8.399900397769338,1,1.9402568723434261,Low
6.428368985197494,6.4594293381777295,2.7627356179591027,5.32184619782497,2,3,1.5864449188795264,78.63414079283447,8,3.6604204975379915,1,5.0436623880662905,Medium
3.2081419871318886,9.038813713813703,2.6848836341587416,1.3151767033541997,3,9,2.418569161953566,75.02904447241494,9,7.348264218070137,1,3.583981998348128,Medium
4.503660526377789,6.302997711598264,7.8282037471131245,7.415776315438125,3,6,1.4730166647022802,92.77944470377817,4,5.618941676015968,1,1.9417402623486302,Low
3.598243630936299,7.431233627363119,6.852297789983415,1.1243279024792472,4,10,1.2935253516214336,76.53475948817606,6,6.273078430174812,1,7.871518762483297,Medium
4.201054448184542,7.5266161651731895,5.609358892722078,9.661091539642003,3,3,0.12948035124742574,62.76162171721417,5,2.616478649445726,0,5.597128274489955,Low
7.471413146658209,5.106857518801836,5.816454092923121,4.370761049737087,1,7,1.4260587232666606,83.78220319324443,5,7.615208783603535,0,6.010918479077416,Medium
3.6740954406085753,6.173412649913731,4.496582355220569,1.4428380331015531,1,4,2.7698497493913745,77.12877262677901,4,2.69758467138368,0,4.701296691192961,Low
6.097641762672074,6.007067732451593,7.576725336868153,7.471874430814687,1,3,0.008005937745144132,61.65223141334362,2,2.021262738646952,1,5.143035084424617,Low
5.284453619791897,4.157180251192389,3.9700700230588923,5.374528558763601,3,8,1.4160954190483372,78.68139289714539,6,5.920115498999083,1,2.0441564841070283,Low
6.973040488263833,4.145150583348132,3.044141678959156,11.711804546928645,1,4,4.407051661616251,91.0767788944843,9,7.383674232258987,0,7.056260418582788,Medium
9.431467653922821,8.990182262054642,1.304282695452728,6.986185287540724,4,1,2.968242925536804,51.428545886200524,1,1.4503225279128107,0,4.892026236446924,High
7.593148874892252,5.638424859836874,6.289645218088464,4.027630991407091,3,6,3.039314120404902,81.54255193225558,7,1.6245578344648788,1,8.350908158166249,High
2.934463407316811,7.108472597432892,5.8755514566047315,8.803827510973722,5,10,2.0168215251317663,67.47925978921961,6,8.224112464353272,1,2.766584801287685,Medium
1.2806482155515622,5.792353441532638,3.074840308193079,3.9864120279698247,3,1,3.3823607174620554,64.6335722879712,3,8.281294295565989,1,2.845495840769522,Low
3.360376398698426,9.644075470692043,0.20154731167383488,10.946676205483216,4,5,0.9496638311517958,69.62938751805557,1,3.207742453531731,0,6.81183614377619,High
6.355701376302293,5.5557805531946425,6.711978621744086,5.121941675581141,5,7,4.093734051920958,67.10113321239908,4,6.5370538252018315,1,8.614030810576573,High
1.462832321358253,6.57794087643361,0.09134386763258906,7.048554190538257,3,6,0.583445599679499,91.61195533542208,9,4.988620676301935,1,5.249780547563578,Low
5.467296224811127,9.236381502907612,5.629598237032408,1.5563041420665176,1,2,3.2800067732655465,63.73989053839503,2,6.694264372631617,1,7.542584818597899,Medium
6.371585640252003,9.051601400750851,7.762056877808456,5.687333617474539,2,4,1.7057466290984151,86.65765115532926,3,8.765913556893025,0,9.99396929343777,High
4.008195017352648,5.116608507077664,3.5012906251856277,10.155998936270944,2,2,3.737564852912384,54.70299101142943,2,1.7187078212403084,1,9.912390757560352,Medium
7.938209833712397,8.815859858774262,1.879787239967622,9.862136858996761,1,1,2.7488227563301,97.56981862422077,2,8.001859833896088,0,7.699031585395301,High
1.9593842782039461,6.749121320427356,5.638968080347054,3.4675041473887886,2,3,2.261765192393581,81.1158318624276,10,5.437261940689353,1,7.65627840710424,Low
1.6762400356222789,6.8978132325121315,6.537025136124681,3.4868697811161895,2,3,0.847112010466235,85.33592885222801,8,6.077142493857968,1,3.228569984790151,Low
7.55369880583243,4.800879834495663,4.3714425286227785,9.990358434345605,1,7,3.184107321421764,64.90196660472255,3,6.885382240154082,0,8.501856683893964,High
5.459421845855786,4.483609082542748,7.7362822020491695,11.234382621862581,1,1,4.873849217102065,70.60482843540574,7,9.303608342161967,1,4.645919143424085,Low
7.195621567849624,8.367635841842592,0.4133497732636888,2.048970134003039,3,9,4.128017124535075,61.18891931354881,8,1.5104795819656407,0,9.657945188801405,High
4.913446047433716,6.978766914131798,4.038364786436225,5.9506450336884775,3,6,0.300040962945059,96.6268042901112,3,1.265287169120029,1,1.7328491983624197,Medium
3.2176182991519613,6.621104215691077,5.747631578580401,4.711997068606519,1,4,1.8811468918059555,74.40522235506889,2,2.604356033398961,0,4.922563319854534,Low
8.371920859067798,8.377049371914381,6.901123769193432,10.577573010031832,4,3,4.627915045951359,81.5224057828995,8,9.878029534240628,1,6.0025643891514875,High
8.194742910720812,8.593077393946658,1.4340448952623204,1.9187740614802065,2,3,2.515218737785107,86.71360152653577,3,7.4356873063999815,0,4.646405863775484,High
7.252268237689841,4.953449006016122,6.400027854109451,3.3223853681384115,3,2,3.3105591290408958,68.55530455497694,7,6.531770071490517,0,2.89521271454449,Low
3.449306235069664,7.661350896865848,4.421656605748362,9.277151713451438,2,2,4.5629967279569525,86.00508272695706,1,1.4233514807327312,1,6.336896399042589,Medium
6.312076001821784,4.812124493666113,3.1724294559197057,1.5642323387933714,5,10,4.368973452099404,83.799624487817,6,8.911992015036683,0,7.803261231626238,High
4.248765072460241,8.508250516174275,1.0537202286327485,6.417889187857182,1,5,2.509101877702555,85.28296669369732,9,8.314811679674435,1,6.803547364181768,Medium
1.8242386599397074,7.941730937602837,6.922366071271299,5.86317738147692,4,9,2.1882315132880104,74.46149501023064,3,6.983200394803764,0,3.1100396392723555,Low
9.255822179160186,9.739687726500748,1.2581856654377228,4.678412968876235,5,2,1.6984630923979354,69.14686911458085,7,4.052177339362324,1,7.584471499316716,High
2.2313676782706526,4.413748098138527,2.478302873672794,5.340295468508161,5,2,3.5950972158144556,61.104109410449496,6,1.6345446001143158,1,3.312080254401069,Low
9.552136184387223,4.342328326907526,2.320364255699495,6.829346456232562,5,6,1.4349339973577164,91.23131764004464,8,6.220346391108302,1,2.57682126631636,High
5.014051956621602,5.693122448159201,6.971312273526834,2.775040942272214,1,10,1.2494380321545007,80.41750232658393,3,7.477251143147537,1,7.216012138948499,Medium
